/*
 Navicat Premium Data Transfer

 Source Server         : localhost_3306
 Source Server Type    : MySQL
 Source Server Version : 80015
 Source Host           : localhost:3306
 Source Schema         : huiliaochat

 Target Server Type    : MySQL
 Target Server Version : 80015
 File Encoding         : 65001

 Date: 03/06/2019 08:43:37
*/

SET NAMES utf8mb4;
SET FOREIGN_KEY_CHECKS = 0;

-- ----------------------------
-- Table structure for friend
-- ----------------------------
DROP TABLE IF EXISTS `friend`;
CREATE TABLE `friend`  (
  `account` varchar(20) CHARACTER SET utf8mb4 COLLATE utf8mb4_0900_ai_ci NOT NULL,
  `friend_account` varchar(20) CHARACTER SET utf8mb4 COLLATE utf8mb4_0900_ai_ci NULL DEFAULT NULL,
  `re_name` varchar(20) CHARACTER SET utf8mb4 COLLATE utf8mb4_0900_ai_ci NULL DEFAULT NULL
) ENGINE = InnoDB CHARACTER SET = utf8mb4 COLLATE = utf8mb4_0900_ai_ci ROW_FORMAT = Dynamic;

-- ----------------------------
-- Records of friend
-- ----------------------------
INSERT INTO `friend` VALUES ('kobe19961231', 'kobe', 'kobe');
INSERT INTO `friend` VALUES ('kobe19961231', 'kobe12', 'kobe12');
INSERT INTO `friend` VALUES ('kobe19961231', 'kobe1', 'kobe1');
INSERT INTO `friend` VALUES ('kobe19961231', 'kobe961231', 'kobe961231');
INSERT INTO `friend` VALUES ('kobe19961231', 'kob1111e11000001', 'kob1111e11000001');
INSERT INTO `friend` VALUES ('906073749', 'kobe19961231', 'kobe19961231');
INSERT INTO `friend` VALUES ('kobe19961231', '906073749', '906073749');
INSERT INTO `friend` VALUES ('906073749', 'kobe1', 'kobe1');
INSERT INTO `friend` VALUES ('906073749', 'kob1111e11000001', 'kob1111e11000001');
INSERT INTO `friend` VALUES ('myAccount', '906073749', '906073749');
INSERT INTO `friend` VALUES ('906073749', 'myAccount', 'myAccount');
INSERT INTO `friend` VALUES ('kobe22222', 'kob1111e11000001', 'kob1111e11000001');
INSERT INTO `friend` VALUES ('kobe22222', 'kobe12', 'kobe12');
INSERT INTO `friend` VALUES ('kobe22222', 'kobe', 'kobe');
INSERT INTO `friend` VALUES ('kobe22222', 'kobe1', 'kobe1');
INSERT INTO `friend` VALUES ('kobe22222', 'kobe961231', 'kobe961231');
INSERT INTO `friend` VALUES ('906073749', 'kobe961231', 'kobe961231');
INSERT INTO `friend` VALUES ('906073749', 'kobe22222', 'kobe22222');
INSERT INTO `friend` VALUES ('906073749', 'kobe12', 'kobe12');
INSERT INTO `friend` VALUES ('kobe22222', '906073749', '906073749');
INSERT INTO `friend` VALUES ('kobe19961231', 'jimoduncesuo', 'jimoduncesuo');
INSERT INTO `friend` VALUES ('kobe19961231', 'lijingyu123', 'lijingyu123');
INSERT INTO `friend` VALUES ('kobe19961231', 'lijingyu', 'lijingyu');
INSERT INTO `friend` VALUES ('906073749', 'lijingyu', 'lijingyu');
INSERT INTO `friend` VALUES ('lover563', 'kobe19961231', 'kobe19961231');
INSERT INTO `friend` VALUES ('kobe19961231', 'lover563', 'lover563');
INSERT INTO `friend` VALUES ('906073749', '123qwerasd', '123qwerasd');
INSERT INTO `friend` VALUES ('906073749', 'lover563', 'lover563');
INSERT INTO `friend` VALUES ('123456', 'kobe19961231', 'kobe19961231');
INSERT INTO `friend` VALUES ('123456', '906073749', '906073749');
INSERT INTO `friend` VALUES ('bugAccount', '906073749', '906073749');
INSERT INTO `friend` VALUES ('906073749', 'bugAccount', 'bugAccount');
INSERT INTO `friend` VALUES ('bugAccount2', '906073749', '906073749');
INSERT INTO `friend` VALUES ('906073749', 'bugAccount2', 'bugAccount2');
INSERT INTO `friend` VALUES ('bugAccount3', '906073749', '906073749');
INSERT INTO `friend` VALUES ('906073749', 'bugAccount3', 'bugAccount3');
INSERT INTO `friend` VALUES ('bugAccount4', '906073749', '906073749');
INSERT INTO `friend` VALUES ('bugAccount5', '906073749', '906073749');
INSERT INTO `friend` VALUES ('906073749', 'bugAccount5', 'bugAccount5');

-- ----------------------------
-- Table structure for headimg
-- ----------------------------
DROP TABLE IF EXISTS `headimg`;
CREATE TABLE `headimg`  (
  `head_view` blob NULL,
  `account` varchar(20) CHARACTER SET utf8mb4 COLLATE utf8mb4_0900_ai_ci NULL DEFAULT NULL
) ENGINE = InnoDB CHARACTER SET = utf8mb4 COLLATE = utf8mb4_0900_ai_ci ROW_FORMAT = Dynamic;

-- ----------------------------
-- Records of headimg
-- ----------------------------
INSERT INTO `headimg` VALUES (0x89504E470D0A1A0A0000000D494844520000011C0000011C080600000015F40BE00000000473424954080808087C0864880000200049444154789CECBDDB931CD79DE7F7FD9D93B7CAAC4B5755DFBB71212E04C9264111901812353BE6CCECC4ECDABBAB88596B1D1B7EF28BFF02BFF9C17F831FFDE2E78D5078C2E1B53D3BE3B5CC5048A3112548E450CD8B08800DA08146777577DD2BAFE7FCFC90998506485C48404217743E888AEAAAEECA3C598DFAF6EFFCAE80C16030180C0683C16030180C0683C16030180C0683C16030180C0683C16030180C0683C16030180C0683C16030180C0683C16030180C0683C16030180C0683C16030180C0683C16030180C0683C16030180C0683C16030180C0683C16030180C0683C16030180C0683C16030180C0683C16030180C0683C16030180C0683C16030180C0683C16030180C0683C16030180C0683C16030180C0683C16030180C0683C16030180C0683C16030180C0683C16030180C0683C16030180C0683C16030180C0683C16030180C0683C16030180C0683C16030180C0683C16030180C0683C16030180C0683C16030180C0683C16030180C0683C16030180C0683C16030180C0683C16030180C0683C16030180C06C31F05F4BC176038BE5CBE7C791E804D44CB5AEB75666E12D152F1DCCB9C93119162E6988862665652CA2E33C7CCFC9994F2EE6432B9BBB9B9B90B809FF325199E33D6F35E80E1D84000C4E5CB97459AA64EABD5A2C16030C7CC8E94B2C1CC55214495997D22B200384404001280A202004A6B5D21224944350061A55209DF78E38DD8F77D75FBF6EDD4B22CDEDADA4A01681811FAA3C258380600C0EAEAAADF6C36EB41102C398EF31A804A1CC79799D9031068ADAB005C22AA1091D05A37918B051391666655583A0C2006A000F4008C8510074474C0CC23ADF527005266FEB4DFEFF72A954AB8B9B9993CAFEB36FC6131168E0100D06C363DC7715A4288B344F4E700E688E85F30B3CFCCA5F5020060661C790800D3C70F3E5F3CD725A23E808E10E2FF61E6506B7DD8683452A55406C008CE1F09C6C2F923646363C3D15AB76DDB96D56AF54DADF59C526A596B7D5208312F84789988BC46A3715E08E1B8AE8B4AA5428EE3A052A9400801C77100005A6B30F37DB7D16804AD35C6E331E23846188661144591D67A9265D9E70052009F02E869ADFF8999AF02E87DF0C1075BCFEF5D31FC213016CE1F278EE338CB966539CCFC2F019C24A27500E7995928A52C0034373767398E438D4603CD6613B55A0DCD6613524A54AB553033B4D6F7DD9452D8DBDB439665D8DDDDC57038C4C1C1819724890BA0CECCF344A4017C0B404A44FF1733079665DD007003C6A7F3426304E78F88D3A74F7BCD66B346440D21C44922F2987911405B08D19452562DCB82E3381042A0D96CC2711CD46A35D46A3554AB55F8BE0F29253CCF030028A5A6564E293A411020CB32D4EB750821A0B52600946519C6E3B164664E92044A2905604108B1A6B5CEDE7CF3CDD52449F47038EC6D6F6FA7C8FD4046805E20CC96EA8F801FFEF087B2D3E9501CC76F33F37FAB945AD15AFF7300B5F2675AAD16969696B0B2B2828B172F2208022C2C2C9482719F0503E47E9C27A514A4D168844F3FFD144992F06F7EF31B1C1E1E224D5328A588993B44F45B007D22FA9F9324B911C7F1FE679F7D367CD6EF87E1F9612C9C171B0980B6B7B7EB9665B94AA91611F9003C292531335CD78594124110200802789E07292588E84BBE995264BE8ED81C450801DBB64144F07D1F711C238A22C4718C622BE730B3C7CC2D21C4D8B2AC1040883C7CAE9FD17B62788E180BE7C5C52E13F75CD7FD0111BDA6945ACDB2EC0DDBB6DD2008168510D6EBAFBF8E7ABD8E66B389C5C545D8B63DDD36599635151E00F789CED7A17C4D9665180E87D05AA3D3E9208A226C6D6DE1EEDDBB984C26F1DEDEDE104042449B00F699F97F67E65FD8B63D7AFFFDF70F9EDD5B63785E180BE705E5DCB973422955B52CCB05F02D22FA67006ACCBC0C00AEEBC2B22C9C387102F3F3F368369B585858409665489204CC3CDD3E3D2D65A8DCB66DB45A2D30337CDF87520A511461329980995D2272995903A8021830F38744F4691CC7D9335988E1B9632C9C1784B7DE7A6B9588E685104B005E67E600C00A33DB52CAB78510277CDF77EBF57AD06834F0CA2BAFC0755D9C387102954A05AEEBC2F3BCA99FE69B5A334F023323CBB2A9A5D3EBF5D0EFF7B1B5B585344DF9C68D1B4914453133FF1CC0EF005CE9F7FBFFB76559FAD34F3FEDC26CAF661663E1BC1890D67A494A799E885E07F0D7C843D00B446429A584D69A1CC7C1CACA0A16161670F9F2650441705F842949F2FCBBDF97D01CC5B2F2FF7A6B6B6B585D5D45AFD783EBBA88A20877EFDE75C230B489E87BCCFC16808AE779EF6BAD53E4D9CB8619C508CE6C635DBC78F1AC94D223A23799F98252EAB494B22E84F01DC7B188C80A8200AEEBA2DD6E637D7D7D1AAE7E1287F08399C3CF428CBE2A4BD9B66DCCCDCD218A229A9F9F876559188D4676144560E635D775DF66E6F07BDFFBDE2180F0E73FFF79823C6C6E9821CC966A7611A74F9FAEB75AADFF9188D6005C027001C83FC0A535E3380E2E5CB880858505B4DB6DBCF4D24B53DF4969D93C8CD2695C72546CBE4978FC494892049B9B9BE8F7FBD8DCDCC4AD5BB7002024A20133EF31F37F2FA5DC9B4C267B9B9B9BA3677A72C3EF1D63E1CC26D6850B172AB66DD70078CCEC0A212411A14CDC731C07BEEFC3B66D388E03CBB2A639354F1ADE3EFAFD076BA57E1F96CFF4E22C0BB66D4F6F855F4900B088A8CECC31CCD66A263116CE0CF2C61B6F9CB16DFBBF24A22566FE6F88A85DABD57CDFF7BDF5F5755CBE7C199EE7A15EAF4FC3DB656E8D9412001E69D99494A222A58494124288A9EF05C0974A1B4A67F3931CFB6168AD1145119224C1C71F7F8CEDED6DECEFEFEB9B376F2A001133FF928876B5D6FF4BA3D1F8D97BEFBD67B291670863E1CC160440388E1330F349665E25A279226ABAAE0BDFF7D16834B0B2B202CFF3E0791E880859964D4B10A228CA0FF4108B85F207A0E276DFC9BFE2F9A38FB5D620A2A7121C21047CDF87E338A8D7EB989B9BC3643211420881DC397E1679D8BCB1B5B555FEFF3561F319C108CE0CF1F6DB6FB7A2285A61E63789E87B4288C546A3E10B21F0FAEBAFE3CC9933F07D1F00D0EFF7F1AB5FFD0A51144D43D04A6548D3746AE91008AD6633DF76B92E5CD785E3BAA856AB10424CEF4BCB4529852CCBA64E5E20171C2104841053EB494A39FDF96F9ACB2384C0CACA0AEAF53A2A950AC6E331B4D6E2EEDDBBAD2CCB208478ADD96CF6DAEDF6D6952B576EC158393381119C19420851731CE704339F06F00A80F9D21A3875EA142E5EBC88244930994C301E8FF1F1C71F633018204DD369EE4B9A2653A7B220C289B575542A15547C1FD55A0D7E104C0525080200B82F09F0E836ABBC2FBFB62C6BDA2BA78C7C1DF5197DCD6B45ABD542ABD5429224B873E70E922411BBBBBBB5A2DAFCA410629F888600B66104672690CF7B018627677979F965667E8788CE0178DDB66D6F636303CBCBCB3871E2049ACDE6D49F52D26EB7D16834303737072108DD6E1700200B51F05C07D01AE370826EBF8F7EBF8FC3C343ECEEEE228E6374BB5DC4710C20179ED217543E7E3023B91497F2674AEBE76928ADAA2008F8E6CD9BC8B24C011801A800D8D9D9D9F90246706602233833C4D2D2D2F700FC10C01900CBAEEB5A7FF1177F81F3E7CFA3D56A4DB73900E0791ED6D6D670FAF469B4DBEDBC6C214D71FDDA7570E16B61665844C8D214FB0707B8796B1B3B3B3BD8DADAC2D6D616A27082CEDE1EB2349BB6A328FD42A593B8BC1D8D7CD9B63DDD621D5D5319257B524AFF90E779989F9F47BD5EC7871F7EA8932421226A003805E0F3D5D5D50F767676182603F9D863B654B38175F9F26502E0143547B610822CCB9A86BB8F6E6380FBB741711C633299202E6AA44808D896052108F5C087EB389052A0E8808E3849C1ACC15A23CB32C47184D1284F79B16D1B524AB8AE3BF5051D4D2204BE1C01FB2A07F4D7E1A8B3DAB22CB62C0B45F6B404E04E2693CA850B17A4696571FC318233035CBC78F144D1B6E175227ADBF33C313F3F6FD56A352C2E2EA2D56A214DD3E9D607C8B721878787504AE197BFFC25B66FDDC2783C86D21A815FC1F993EB701D07FFF55FFE195617DAC894429A2974BA3D7C7EE316C238C67FFEC5AF3089226C6F6FE31F7FF13E6AD52AE6E6E620A5C4F7DE7907524AB45A2D341A0DA4693A75482749729F180921A6755AA530968EEC27410801D775A194C2993367D46030C0CECECEDC70386C31F325DFF76F031800F88FBF9FDF80E15961046706B06DBBCACC8110A20AC09552C2F77D044130FD50979496469665188D4648D314A3D108E3F1185996C1B56D545C1773F51A2AAE83462D40BD5ACDB74885FFE7B0514798C468043E6C293089228CD2106992603C1E430881C16030CDCB29EFCBCCE4D2FA391A722FD7F54D2C9DA3FEA04AA5425996C1B22C094000A810514329657C383380119C1980995F25A279665E2B9B57BDF4D24BD39AA8344DA7D682520A711CA3DFEFE3830F3EC06834C2EEEE2EC6E3316ABE8FB5136B586EB7F0FD6FBD8EA05241A31A00040841201268D4AA387FEA049452F01D0771926067FF003777F670381C62B7DB439A29BCFFFEFB1042A05EAFA35AAD626969094B4B4BD3928A5264CA3CA052148F8AD0835BB1C751B4D390A3D1089D4E87BADD2E8410735AEB534288E0F7F3EE1B9E2546706600665E22A255007300E038CE34FA4444F7396DB5D648D31493C904DBDBDBE8F7FB88E3184A29CCD5AA5868CE61A9DDC24B6BABA85703788E735FB25FC575E1168EDEBA5F419A65686CDF014050ACB1BDD7419C24B871E3068868DAE7582905CFF350A954CA35DF17B12A05D1B6EDA910956B7F528888E6E6E6A494723A3502804F442D2232C97F3380119CD9608E99DB4414009836312F2347477D2183C100D7AE5D43AFD7C36432419AA678696D15CD7A0DEB4B0BB878FE2CAABE8FAAEFDF57A6708F7B4261490902B0DC6EC1B22CAC2ECEE3DC8935645986DF7C76155A33FA93094685B80D8743388E837EBF0FCBB2B0B8B8887ABD3EADED2222A4697AEF4C5FB3E78E10028D4603524AF63C4F0B2134335BCC5C0530F9FA6FABE10F8D119C198088EA005ACC5C29B7226E91190CDC5F38391A8D70FDFA750C87C3A9E09C5C59C4F99327706A6519DFDE78E5F1272C8E27858014028BAD26165B4DA45986B848229C44099234C5E7376F61FFB08BF1788CEDED6D589685F1780CD775F3B07B216A6578FC698A3C8F080E5CD755524AADB5B60BC13195E33380119CD9C062660B807C98D3F568125E922448D314969400337CCF43D5AFC0BBB70D792C0F1386F2FCF5AA8F345368371A984431C2384118C72021A68DBC86C3210E0F0F9165D93469B0B4CA9E36545E2E333F1495EF8FE198637E49B3415B08B1CCCCD3B12E0F56659722737878882FBEF802AC1496DA2DD89685EFBEB181EFBCFEEA939D891FBED5B12D0B7661B1FCDB3FFF2FF2E99A5184284EF0DBABD7F1DBAB5F603899E0179B9F0000AE5EBD0A00585F5FC7DADA1AE6E6E6F0F6DB6F03C8FD506549C4D7E568FD163307CCBCC0CC665CF00C600467062022CDCC0A4732691F1404A55439E3A97C0D5CC7816B5B5FEB83CDA50FE749B63E4410946FBB7CCF43B35E836D5B586CCE819911A719329501CC08C310B66DE3E0E0A02C5398B6CD2843FBE53A1F67F93CD0A9908848C064CDCF0446706600668E903B45D3E2F1975A838661887EBF3F9DEBEDDA164E2C2F22A8E4DBA9C79FA3FC227FF024BE1602E03A366CCBC2CBA74E606D711E719AE1D4CA12922CC3F5DB77D0E9F6319884B871630B9665636F6F0F524AACAFAF230802341A0D54AB55789E378DBA9599D38F794FCA9B53F870FCC72ED8F0DC31823303109142DEBFF7A1A9B97909423C8D020921500B7CD4021FCE03AD429FE1BA723F91041CBB8666BD86342BFAEE2409469310499A61301E6330C8AB0E2693092CCB82EBBA88E3786AD91C2D08FD9A48007671331C738CE0CC005AEB3E8003225A2813EAD2349DCE8F02721F4E1886D3E7A410A8FA15D4AB012CFB497ECD47ACA6A758AB1484E5760B4A6BD4021F6114A3371CA13F1A611446B876E70E988138CBD03F3CC0E1FE3E143384204899AFF3E816EB6811A8E338B874E9D2743CB0D65A30F310C04E71331C738CE0CC004288100F6CA91E6C6E5526FCDDE7C3B16D788E03F994ED21BEE65A510BF2DDCD5CAD0A0045142B466F38449824C894C2F6DE7E2146438C27136499425C44B7CA1209DBB6A725136547C38D8D8DB2529D90973624CC3C80098BCF0446706600663E04E002385D960A8C46230821303F3F0F00D3761165C32B426E295852423CE1762AB76E9ED061FC359042C0B12CF89E87B5857928ADE1B92EA224C5240C11C531C228C2617F08A5353ADD1ED22273B99C79DE6834A6059C45E1271551BA9088BACC6C9AAACF004670660021C426806DADF52A903B886FDFBE8DC16080B5B535B8AEFB250B479040C575E17BDE1345A91E74423F4B5CC786EBD8A8053E56E6DB5FF9339D6E0F9BD7B7300E43FCCD8F7F827030C4FCFC3C565757B1BABA8A575E79055996616F6F0FC3E190922491C55AF7B5D69F0821CCECF119C008CE0CA0B51E4A299988C2FCA1461886645956F957FEA904A30C83E7F7CF78F15F03228220FAD22891A30EEF300C1145D1D1B958891062A8B51EFF01976AF88618C19901D234BDCECC9610628788D2388EC5DDBB77ADD168842C7B36358BCC0CFE86FD879F058208B694B0A4051CA9282F1DC7650168A7D3C170389C4E9F0070C8CCD791F7C3311C73FE70DE44C337466B3D6E341A4321444444AC94E2288A10C7F1538D6439561CC9BFA1E95374DF0DC8BB1726498223965D9265D9586B1D3EA7951BBE06C6C29901363737530078FBEDB76F13D1AF98B9391A8DCE69ADDDDDDD5D244982D168F4543E9822DFEF58B5223F3AF9A1A811E3AB57AFF26834C27038D400988876D334FDC4B2ACE8B107343C778C85331B30001642C4428821334F94529C65199224419224DF78FED32CA1B52E47E07096658C5C70E256AB350AC3D0B4A798018C8533035CBE7CD91F8D465229D566E675E4932785520ABBBBBB984C26180C06188FC7534B8744DE4C2BF0BC3C1BF8713000FDFCCC1B2925022F8FB609CA3B018EC7631C1C1CC0B22C54AB554C2613445144E59C2D006066274992A05AAD4A00F1A3CF6278DE18C19901A228AA57AB554729B54A44E798591091AD94C2AD5BB7E079DED4B731994C8A561002D5C047BD569D56781F676C4BA25EB63B95B9E00C0683E9764A0881300C693299208E63500E00B8699AD6B4D61600938B73CC39FEFF130DB06DFBACD6BA4E442BCC2CA41022AFB41688C210E5D62ACB32705152500F02F89E878AEB3E260F878F7CF51C2D1C21E0B90ED22CCBD73FF1414595F9703844A7D3C9FBECDC6BC44E40DE7E15C08694B29CC06938C618C1990188E85F09214E31F32B44E45896855A3500817070700075249C5D0F7C9C5C5AC4EAE23C165A7368371A4F50DAF0FCBDC58E6DA3DD68C0B16D9C585A842481BB8787E876BB180C06D8DDDD9D3A91A594A49412456FE44B428880997701FCF8B95F88E19118C139DE944AB1A8B55E935236A410E4D8799900C0E80F87488FE4E20822D4AA01AA7E5E256E5BB3D1264610414809DBB250AB54500B7C747A3D6459362D672022541C1B0C20CD8894D6504AD79979A5388C44E18D82119E6389119C63CAE5CB976D000D2184A5947A03C0ABAD7ADD5E6C37D1A856717A6D055A6BFCDDCF7E81FEE85EDDE262AB893FBDFC2DB41A75543CF7B1E729B38B9F57C2DF8338968DCBAF5DC099C110611461EFB03B2D56ADB80EDE79F37558D2C27EAF8F711462EFB0B7B477D86D01987FF5D557D7B4D6691CC7875B5B5B264C7E0C3182734C89A2887CDFB700D844E403A84A298BFA281735DFCF233AE2FE4200CBB2500F0254FDCA9355891F23B101724B27A85490650AF6036D35880835DF876D5908E3189A352C291C223800555CD7750AE7B949F738A618C139A648296DA55493882A287E4F962550F1F2A999A75697A19582EBD8D3A173403EDAC5F75C78C5F4CBC7A19FB49DE81F0822C0736C249E3B0DE7130021255CC7C185532760DB1694D6C894CA4B214000580258701C275C5959E9DDB973E7395E85E16118C139A6D8B66DA569DA90520644248908B6B450711DD4031F6B0BF3C8B4862DADFCE356BC4E0A01CF71E1D9CE1377F99B66191F078A5ECC5E96418A42708A7135AE6DE3F4DA0A6CCBC29DCE017AC3D1D11C2321A56C2AA59CE17068BAFF1D538CE01C632CCBFACAEDCE74A6376B346A558CA3089330425434B00215B787A0944294E4C9739DC32E923445C57550F32A1052C0B6AC27EEA1F330981959D19F67309E60309EC09212CD7A150442E58805F320440081A6D7E0D8366A7E1EEA9742420A0141E2DEB5DE7FDE67DF4BD5F0CC3082734C514A11119194524C3F4454888D94A8780E0884B5A505D8B685EDBB7B8892E4DE0895AF68F350922A85C3FE009952F8C5479BE80D4738BDB2840BA74EC2736CD48200E21B8E70296166C449392C6F1BBFBB790B81E7E1CD97CF410881D585F6570A0E012012F9ACF3E2B96AC5C389A505D48200AE6D4F47C4082170F42A9959303369AD8DE81C538CE01C53A4948CBCF78D425E3374A48A3AB700A41068D66B798D511821CD3254FD0A6C2B1FBD8287582959A6D01F8D9166290EFB03F4864334021FFDD118CAAFA0EA3FFD000466461427188711FAC3110EFB03444982C3C11096945868CE3DFCDA0B510D2A1534AA01E66A35B41A35542B7E5151FED597A6B556524A2584382E1B44C30318C139A68C46231D0441887CB2A4068AFE3047B613B66DE1EDD75F431427B87167073BFB0738B3BE8666BD06D7711EBA2D1A8E27F8CDA79F613409F1CBCD4FD01F8E71D01F208C13AC2F2D60EE199443644AE1D65E073B9D037CF8F9557C74F53A2AAE8BD12444C575B1D89A43A31A7CE9754484A0E2C1B6245E7BE914A410586A35717A35F7DD38B68534CBA6F3B08E5C23039828A522D7755FFC4AD619C508CE31C5B22C26222E86E04D9F3FEA08BEF7E1B4500D7C548B0FB325E52343E25A6B84518C4918611CC5B90FA868749E1C298C7C1A988134CD1025493E06388AC19A310E23686628F5D57D7C8808B2183FE3B90EAA7E0541A582AA5F8175649C0CA8782F8EECA888480B21F41F43E5FCAC6204E798321E8F3329659799C78EE3A4003849330CC7130AE318CC0C210416DB2D68ADD1ACD7F0EA9904FE239CB125B5AA8F6FBFF60AE234851084FE7084D32BCB78F5A55368147E92A7C5B2244E2C2FA259AFE593398BFCA137CE9F856D59D3890E0F430A810BA74F627D6911AE6DC3F73C88C2C2636684718CE16482A498C3C5CC1AC0BE1022D15A9BB1BFC7142338C79476BBADB4D6B1104201D0CCCC9A19499A51962930384F92F33C0040ED6BF85D1CCBC662BB05A5145617E6E17B1E96E7DB586A35E13EA3B132820875DF87E738586C35D11B8E10542A585F5CC843DC8EF3E8D70B8156BD8E56BDFEA5EF31E75BB6244DA1B4E6A2A0535B96154651941E1E1EBE206D105F3C8CE01C53AE5CB9A237363642CFF32433EF1251338CE2EA7EB7D75868CD21CB1469ADEF6BBFF9A4482910543C68669C595BC5248AD0AAD772EBE8194DE924A2E9B196DA4D10E5E1ED463500918025BFBEA895C59B4A2B0C4713ECF7FA08A378CCF9CCAE7DA5D49099D5D2D252B6BD6D0AC78F2346708E2F6A7373730400972E5DBA0E400CC7E3139328AACFB7E610A729654A7D23E7AE6D5968D66B0080FA2BE781A28D273FC3065C4404D7C927F09E595BC599B5D567725CA535923443A7D7C3F66E076996F5997987886E5FB97265FF999CC4F07BC308CE0C4044BB005C066A85C397760F0E912985E5760BCED3FA5C662488ACB4C6EEE1217A831126519CB7E5D07AC0CC7700EC3EEFF5191E8F119C19406BFD4F44745B2955D544DF3E1C0CF0C16757D16AD4F1EEB7DF7A3AC1E107EE8F31499AE183CFAEA23B1CE5D339B30C60DE26A2F78BE9A486638E119CD9604C440E33470028CB14C66108D7B65F9C31314F0033631C8618175D0E8BF07DC2CC4398D9E23381119C1980997F0EC09252CE6BADBFBBDFEDF93FFEC5AF166CCBB27E77E3262AAE838D736771767D753A4EF749C6FB1E67F219E37D0CC663DCD8B98B7FFADD55A459864FB66E22CD3295A4D9808842ADF52FB32CFB3FCD9898D9C008CE0C90A6E964656585F6F7F78744D4CF94D2A349D8B0A4E4BDC3AEE5390EAD2E0E319C4C6059128A19C45CD4253D3EE2F4B0DD54197E3F0A3D50A395F7EFBAFF679E264B99998B01128C384D300A43F48623EC1D7691668A87E3894EB34C492927443426A2619AA6FD24494CEECD0C6004670678EDB5D754A7D321ADF5C744F41F002C33F3773473BD3F18BD3C92D2FBF4FA160EFB039C5A5B4150AD51C57551AFB8904F11E2FEFCD636923445A61432A550715D542B1E4491A7C3CC45867202660DCD0CC7B2F0D62B2F7FE37332804194204A527C72631B5BB76FA373D8C3417F08CD5A33F31E118D99F957006E32F366B7DB8D6AB5DAB399796CF8BD62046706F8D18F7EA400E0873FFCE1AF3A9DCE87FD7EFF028089D67AB9D3EBAD03F03ADD2E841078E39597B17EE224E6AA5504AE836F90EE32E59F3EBF86D1244418E7650FED461D2BF36DD8457E8D520A7BDD1EBA83E154946A7EE5A9044733A31BC6188C27F8F5EFAEE2D7BFFD184A2928A5C0CC9910E23611ED2BA5FE0F66FE559AA607BBBBBBE3DD5D13A49A058CE0CC103FFAD18FF8DD77DFCD1CC739C8B2EC0A332F10D12B00E6396FB4DE8C9314DDF1041002F3F5001A802DE8A1D9C3AAC8C1499546A214946664CC60069C6A0D9EE5201D0EA1E3048349886467AFD8A631188C38CD9066191CD743C5F3E07B1E3A610222C0220129009B085651E5FD308B4B6946A23532A5318862F4C218719295423300D0292C9BFFC4CC874288EB699AF6A59466F8DD0C610467B6D0EFBDF79E7EF7DD77EF763A9DFFEC384E9D885E06B0A2B5BE0CA0354952DCED0D916860A539070DA06A5B0FB5749466648A31C91486498A4431C69982668637D7824C53C49AC183010E0643F4074328A5A1598148A056AD22087CF8733E5A0B8B701C07DBE3282FBBB0245C29E05B12BE4D1078B8E064CC18A70A8952D81F4DD01B8D31B937C2F88099FF094037CBB2FF95997BC3E130DCDADA4A914F6830CC0846706690F7DE7B2F0330BA70E102F9BE3F114284003220DF92645A23D31AAAB0541E956253960B680614E71FFC546B6806484A88A2481444C8944694A4F91647E7D330BD2C0373DE34CBB22C48CB42AA19028C4C0A580C6870E10C7EB43F49239F36AC747E0DFADE385F454411334F6CDB3EBC72E54AFFD9BC93863F34467066986AB5AA88E80680B1D6FADD0B3F9000002000494441541522429665984C261042E0F3FD1E1CC7C15ACD47C373F2B610CC8833855E9840316310A7500F6947516BE44DB2E6E717F0C6C58B10002CA269F32BE67CFBA518C8344F8F9316251271940248A7C793040476DE83B9E158708F985DA3546137CCA787F6C6634C2613A4E9F4B53D009F02184451647A4FCC304670661CADB526228523864C69B570F1B5E2D2620054114D2A6F4739DA51307F9C87C0A520C8C2FF228FB4A06122B0467E6A41205D78768AC37ED53C4FCECDA1A92533BD0EBE175C2FD73F5D57DE134831B32E3A211A6614233833CCC1C1816E369B436696428808C81BA4C7710CDBB6A18A6D552F8A314E338051080D102B759FE858447024C11204570810113C79CFD12B0BCB463CB02DCA858291E9C201CD8C28536000B166A49AA78EE8FCBC1AA0FC7547FD395931AE5833238E63445184238DB412003D21C4C8B40F9D6D8CE0CC304557C011F211B7299077F38BE3188EE340E9FC433E8833142E9E871F4B102A96842308816D4112A1665B1004884744974AB2A9A830064906CD8C51AA2148238646A6720B2629AC9AE4215DF99819699A22B9E7300680540831544A8D3B9D8E119C19C608CE0C73F5EA557DE9D2A57D0013661E1311D23445BF9FFB549FA4D566B94DAADA122DD786248223733B268EA33C649E6648D24727F24A69E5FD6F44DE148C99E108818C19BD382BC48F1F1B52D25A633018A0DFEFA34C1E2EAE6D0740DC683494E97533BB18C1996DB4D6FA8099874288C951C111423C5161A725F26D546049B43CFBBE0DD3C1284296290C2721FAA3F1238F13543CF8150FB6946816CDD1D9CA7D3899668CD25CFC1EF41B3D083363381CDE273845CDD4AE1022D9DCDC3461F019C608CE6CC345E29B2E2AC923A5944892C44E9284B22C439665D3194E0F3D48EEC7FDD2B66912C648D20C83D118DDC1F0910B49B30C4A6938763E448F19C05107F3632E446B0DAD35B22C43922488E398955259D1AB38423E91217B8243198E314670661B7DE5CA951D00B87CF9F22744F49B288A5A3B77EE9C998CC7D6EEEE2EC6E331359B4DF80FE9799C280D0290280B8ACB4174F9FD3FFEF6630C4663EC1C1CE0E6DDBD472EA455AFA1D5A863AE1AE0C2E99300B87022E761F254EB472A451CC7383C3C441886B87DFB367ABD9ED65ADF21A24366FEF4D7BFFEF5D56FF40E198E1546705E108AC4B8011155989919E0280C494A895AAD36DD5E3D68E91486C8B4429B907BA041848AEB16F5513EE6AA8F9EB2500F02542B15F815EFDEB1F95E14EB619421F02CCB108621A22882D6BA8CA897D7645A4FBC2018C17941504A7D228470B5D66F12D1F9F1786C6D7EFC316CDBC69B6FBE89D5D555589605CFF3BEF45A466EE98C53055B102A56EE34BEF4EACBC83255CC967A74C9926359B06D6BDA9A8201445A23517A1A99FA2AD234459AA6D8DBDBC3071F7C00A5144F26133073CACC1F12D12F89E8A3A7786B0CC70823382F085996EDD9B6FD1911CD0350E587580881B367CF224DD387F6C629AD9BB49802C1C8ADA0F5C5856FBC9ED2599C1CC940FE2A9452C8B20CE3F1183B3B3BD3B0B8CE4DB21D66FE8C994D29F80BC26CB785334C69B55A654E8E262209608F8896B4D68E1002C3E1105996A1D168406B5DCCE8BE274082CA2A484245E62374F37D4D2E1A61A6102B8D30D388D4BD5BA2F5D43F230A07503ECA85D14F320C128528D3488F880E334F5B4EDCBA750BD7AF5FC7CECE0E3A9D0E9839D65AFF0CC007007E0CE04366DEBF7BF7EEE40FF6661A7E6F180BE705E1D34F3F3D0070F89DEF7C8794524D663E9DA6E99B4454BD73E70E0E0E0E90A6294E9E3C092104E4D1B1B9C813F286A9BA17612A60465141AEA7B558E5B7097964CB1204DFCAEFA7FE2030C24C63942AA8AF08CF2BA5A0B5C6EEDDBBF8DD679F218E63645906000911BD0FE08B2CCB3EFCF0C30FAFC144A65E188CE0BC5870188663DBB66F09212C007BCC4C4AA97A1CC7EE7038C4CECE0E3CCFC3C2C2022CCB9A5A3A65CD55AA3542A5913123D3B9B84499C62453D0F872FD952482202AC448E6512E9455E7FC9535524A291C1C1C208A22F40703C4718C344D13661E03E833F34D66BEE138CE00466C5E289E7EC4A2E158F2D65B6F9D9252FE4F00D698F90D002B9EEBA25EAF637E6101EFBCF30E822080E338F745AE5C2950B72D484118A759E1DBE1473A7ECBD7E5B55704BB10A051AA101FB16EF2ACE514711CE3673FFB19F6F6F630180C30994C00601F7945F80133FF0F260CFE62F2F443A40DC711524A09E416AC44F18785917FE85596DD572079B43ABB0C65975BA7AFAAF8FE2AF2D7615A8079341C3EEDB9A335A228425C9CB73C778160660B800DC07EF7DD772D983F882F1CC669FC8271F9F2657B7E7EBE6E59D61A11FD35119D00D002E06AAD912409C23044AFD7C3F6F636DAED361CC70111E5E5109C5B33A543382B0A401F876646C6F96B62C5888F44A7B4D6504AA1DFEBE1E7FFF00FB879F326B66FDF9E3AB20B4112000222F2017C906519B5DBED746F6FCFE4E0BC40181FCE0BC6EEEEAED56EB77D000100BFB849A0B03E94429224E8F57A9052228A22A4690A2E3AFB4D1300BFE6B40746DE31B07C74B49F4DB9958AA208070707D05A238963E8A24506001491B58099130073CC3CE779DEC153BD19866387B1705E1CAC8D8D0D2B0882D39665FDA510E22D00DF476EDD380064D5AF6079BE0DCFB5319E4CB37A71707000A514822000337F2982F54D49D3145996E1F6EDDBF8FCF3CF71FBF66DDCB97307599AA251F5D1ACD5A0352329048F88CA2D7E8F999B4AA9FD76BBBDDFE97408A677F10B81119C17848D8D0D4B4A695B96758E88FE25339F27A25701D488481211EA818FB5A5051001FBDD1EE238419224180E87705D170B0B0B20A267223865025F9665B879F326AE5EBD8A8383030C060368ADB1D46AA255AF6312C5184711283FA12022105144443E335F23A25BF3F3F3DCE9744C6BD11700E3949B4DAC0B172E5488C8715DF7AC10C29352AE31F302809300BE4B440D223A07C02BB737B5C0C772BB05A535D2C277320C6328ADB1B0B080B5B535388E03DFF72144DE14BDE4710274740B55E6D88CC763244982DDDD5DECEEEEC21284B9C02F8E97974F74BA3DF446F7C68213510AE00B0003ADF53F12D1EFB4D6FB42885B00D224497EA7B54E373737233CAEAB98E1D861046706595F5FAF2C2C2C2C4A296B5AEB7F4B446D22FA2E80D7995912914D20B28A8175699A42B386EBD8A8FA3E828A87336B2B706C1BEFFFF613F486F9079E88E0791EEAF53A2CCB82EBBA53A179F0BEE45E74EBDE7DD9ADAFDFEF230CC3E9CFB6EA75FCD9B7BF8524CBB0796D0BBDE108E3304454F4BD915282B9283D2D4ABC983963E64F00FC94994700FE439AA643D7750FAE5CB962B28F670CE3349E012E5FBE6C475144001CA5942BA50CB4D64B006A42883A33074464A30C7F177E988AE743489167F1AA14524AA8B2EF8CD21042A1E238482B1E94D2C8B402114DA34A59967D23C1292D1C41F900BEB2A8D3F75C2469864C6579BF65AD21A584E3E4C226850033234E1268AD505C0F21F74155898894524BB66DFB006863636384BCDF71E2791E5FB9722585E1586304670648D3F4829432B02CEB2280EF025820A2379047A02A0084D6DA2E440700A85AADE1CFFEF4AF50AFD5B17DE716FAFD1E0E0E3BD8BA790D499AC2735CD896853F79EB22AA7E05DBBB7BF8FCE6362671825EAF8B4CE96FECC7B1ADBC0957D5AFA05DAB62E3EC69BCFAD2690CC663FCF4371F41698DFD6E0FE328C2C9F5D3585A588590028EE3204962FA68F3038C27A352686C00AF02384B446C59D6BF67E690997FEB79DE0E33FF4A29F5419224210053557ECC3182737CA173E7CE3959969194729988EA428835ADF5AA10A22DA55C2422CF711C22A26977BFD2C2104220F00354833A1AF5391011A2388465D9201248D2DCCA1042C0B12CF8950A5A8D3A2A710C022153F74D9E01BEF4A87CF2FE6E374404D7B6218440CDF7E1B90E824A05B625218810C6711E0A2701CBB2E1FB55CC35F2F59114B0A435CD7C9652921082A4948E65590E33731CC7BED63AD65AAF0020665E03D011428CCF9D3BF73BD7757973733383896A1D4B8CE01C5336363602CBB24E49293D22FAEF98794D6B3D0760DE711C370802C7755D7AF5D55751A95470E7CE1D743A1D4C261374BB5D4821510DEAA8D71BA8D71A00185FDCB886F17888344DD01B74A1B5C2EDCE3EC65184C556136FBD721E4A692469918C5754811F9D7305DCCB480630DDA29510116ABE3FFD9A28770C7F76E3167AC3113ABDBCDFF2DC5C0B8EE3E1B50BAFE3E573AF218C26E8F60E11861358B60D2242B3D944B55A45B3D9C4F2F2329224C1471F7D249224712693C9E924499688E88465597FCACC07F57AFD2E11251B1B1BDB9B9B9B23188E1D46708E2F8E10621E400D79D4E94CF98DD2B9EBFB3E4E9F3E8D7ABD3E9D470500BD5E0F24045CD743C5F351AFD5E1B91EA228C45CA385D17888DDCE6E2E3CC311408497D657F1C6F9B385D324FFA7F4BDB207FDC070BA69A73E950B0E1F595BB356CD9DC7690AA5357EF1DB8FB177D8456F34C6380C61490BCBCB01EAB5069617577172FD3406833E5496410A09591494562A15CCCDCD61797919E7CE9DC36432A1EBD7AF8388AC288ADAC5F9D68BFBBB44B4046002E0D1FD500DCF0D2338CF17B9B1B151F13C4F2AA516851095C2013CCFCC7342880D66AE3273EDA83FA55EAF636363038D4603172E5C40B55A45B7DBC5C1C101E2382EAABF35D2344192C4530B64BEBD886FBFF55D1C1C7610C511C2708CC3C110FDE1085996A1DB1FA255ABE1E4CA125CC7C64ABB0D4B4A682E5A72F1111BA71CA0671DA9C302A095C68D9DBB48B20C5FDCDEC141AF8F1B777771EBEE1E14038B0BCB701C17AFBFFA2616DA4B585A5C0100084190D2829479E91711C1755DF8BE8F8585055CB87021AF2EEFF731180CF0D1471F616767E7E87BE96BADFF2B660E3DCF3B77E9D2A543ADF5811062645956A494DA8DA2489970FAF3C508CE7364636343125100C015429C15423499799E882E006814F3C203E456CE946AB58A0B172EA0DD6EE3DCB973F07D1FD7AF5F87EFFB188FC785E0005996224D1368AD4124D06ACEA3D168E2CECE366E6C7F81D168889BB7B6104613ECF7FAB87AF3364EAD2E8391E7ECACB4DB9042427C8D0E117192607BAF834914E11F3FFA18D7B6EF208A634449828AE7E3CCE973F0DC0A5E79F975ACAF9E9C4E94A0A2478F14F7920ECB9CA08585059C3D7B16711C4FB78CB76EDD7A50703C22FA4B21C4446B7D0240574A79958876B5D603E4931F9273E7CEA557AF5E3582F39C3082F3FB83CE9D3BE74451248220B02A958AD45A3BB66DCB344D25333BCCECDAB63DA794722DCB5A63E606802633CF15568D0BC091525219AE2E47A98C46A37CBA6631ECAEC8D0BD17596286D20A4A7F3941D7B62DCCD5E6604B1B87DD7D90204841C8B4469C24E80E8748B21407BD3E5CC78663DBF01C1B24F24E80E539EE5581E7A1EC284D1125090EFA0344718228CEC5CEB26CF8968DA012A0D168C2753CD8967DDF9AB4D648D20469362D739816941E3DDF7038C47038449AE611F023237028CB32A7182B53D75AB31062118064E69AD67A62DB76E2384EEF8D37DE888828B16D5BC571AC892809C3504551945A96C55B5B5B314C1F9EDF0B46709E3DF4C31FFE50743A1D7B341ABD9A65594508F15261BDBCCCCC0B52CABA10E24D667600348410CE51FF0880FBBAF2B5DB6DD8B63D9D48B9B7B787BFFFFBBF47B3D9C4C6C6066AB5DA34616F341A8188A0B4C6783C82252DB49B0BD3630A21B0B2B486BFFE37FF1E00F0D39FFF7FD83FE8E0E6F6167E77ED53F48743FCF6EA7500C01BE7CFC0F73C5C3C7706DF79ED15543C1755DF9FCEAF62668CC308611CE3D79F7E8EDF7CF6394693093E2A5E5F0AC599D3E7F1D2E973683717F0CFDEF9330079929FA07BDD5126E11837B7B710C511D262CA67A55241BD5E9F367E0FC3107FFBB77F8B6EB78B6EB70B20B7F6EAF53AB4D676A7D3395744E95E3FBA052DCB35983925A2BEE33831804D22EABAAEDB05F0896DDB835AAD769D88C641107CB6B0B010BDF7DE7B1A26DAF54C3182F3CD1100C4850B172A954A45A669EA49292DDBB6DDEBD7AFDB006C663E4D441E805566AE337393886A000221844544D2B22C2222D84528590831FDBABC9F9EB0F8BAFC9E5D4473004CAD81F267983592E45ECF9B0729BBFCF97E805A1CA3D168A2D59C47962508A3105A2BC4490A4102BDE108770F0E51F57D6499862C1A6D29ADD11F8E309C4CD01B0E11C631E23485252D9010A87815D8B683B94613B56A1D811F4CCFFD204A69445188F888CFE9C16B02F0C8EB5E595939DA841D59964D9310B32C2B131A25335B5AEBA0C86266008BC5D63563E6D0B22C3D180CA24B972EA552CA586B9D2549128561A8AE5EBD1A022873068C15F4353182F30D78F7DD77ADE170E800F089E875AD75CD75DD73CCBC0860858816894828A55A4208C1CC150056D1EBC596525A9EE7059EE78966B3291DC7C1D2D2122A950A8220C0C2C2026CDB46A3D1806559F8BBBFFB3B74BB5D4451DE1AC6711CB4DB6D349BCD69BD936DDBF07D1F8EE30000D22CC5CEEE1DF4077DACAD9E78E00A68FA213E7FF655A469825327CFE0DC990BE874EEE2D3CF3F46144D7077FF10405EE8B979ED0B2CCDB7717A6505B66DC112129952D8BA7317B73B7BE88FC6188CC760061AF5265CD7C52B2FBF86E5A5352CB417D16E2FC2B19DC2299C47C28E1216164E96A548D2044434F5E1D876BEFD9252A2DD6E430881C16080F1783C2DC1A856ABF8C10F7E802CCB301C0E9124090E0E0E301A8D104511EEDEBD8B344D65B7DB0DC230AC4451F4AA522A45EE40BECCCC19E5F3AF9494B2072023A243A5D46D663E90527E56ABD5861B1B1B9B9EE70D6AB55AF2DE7BEF195FD0D7C408CE37A0D3E9886AB56A4551E44A29978410735AEB0B42881300CE005867662AFE6A7EE92F7A91310BDBB6110401F9BE8FC5C54554AB55341A0DACAFAFC3755DB45A2D388E839FFEF4A7188D46F75938954A05954A657A6C29252CCB9A6EC3B4D2984CC6451943F6E0F95196D135E75A6066B8AE07CFAB4010E1E6ED2D306B1C760FA0B4C27032C1EE61179338816DD9701D07B6B490A429B676EEE28B3B77EE953308895AAD898A57C1E2C2324E9D78098D7A13738DE623339773BFD4607A9CF23ACB6B2AD75DA9541045D1F4B9F2672A950A5E7BED35A4698A6EB78B388EE1FB3E7ABD1E26934939644F8C4623BB1899E3E687FCD2EF060042E4D6CB0E115D63E61D21C4586B7D68DBF635CBB2269D4EC788CD37C008CE9323BEF39DEF9CCEB2AC25A57C5329F5A7B66D3BCC7C426BED10519399FD2008AA9EE779966561696909B66D636E6E0EAEEBA2DD6EA352A9C0711CB45A2D4829E1BA2EA494088200B66D434A09CFF3D0ED76F1939FFC04A3D1089F7DF619FAFD3E3CCFC399336770E2C409BCFBEEBB989B9B43B5988869DBF6F4D80090A60976EE6E434A0BE3D1E8A193374B2A151F9694F02B3EE6DB0B48B30CFFF13FFD6F188F4788A21093708CFD6E1F69BA05210504085A33FAE3BC6B9FEB784518BB8A1FFCAB7F074B4ACCB717510B6AB06DE7A16F6A586CA3BAFD2E0E0EF7C16028954D2D97B2EF3200789E873FFFF33FC7703884EFFBB876ED1A2693096EDFBE8DC3C343FCCDDFFC0D8220C01B6FBC81E5E565349B4D9419D8972E5D9AB638CDB20CBD5E6FDA66B54C27E8F57A48D314BBBBBB4E9AA61CC7F1D26834F28510E799F97521442CA5FC81522AF27DFF676FBDF5D6AF99B9FFC1071F5C47BECD323C0623384F8E48D3B46D59D62A335F1242FCEBA22D668D8AC651A52FA6DC06ACACACC0755D2C2F2FA35AAD627D7D1DF57A1DAEEBD2C2C2570F992B0B27BBDD2EB6B6B6D0E974D0E9741086212A950A5AAD1696979771FEFCF969553780A208D2415921AEB5C6603880100249FAE8A9994404C776E0D80E7CBF8A762B5FDB4FFEE1FF2D92FB32F084318E224471765FD44873362D16F5DC0A6AD51A365EB998AF49C8870A5C4996A588E3087114228C26F725175A9605C7B9B70DB32C0BE7CE9DC36834C2B56BD7D0EFF7B1BDBD8DE17088300CF1F1C71FA3D56A4D1DE9737373F747EE8ACB0580FDFD7DC4718CD168845BB76E613C1EE3EEDDBB88A20893C944C6710CAD759588AA45D4EC25009A994744A4B4D6B194725729655FBE7C79EBCA952B46709E0023388FC7BA78F1E23280C0B2AC8BCC7C4A087192882CCBB244BBDD8665590882006E3115A15AADC2B22CACAEAEC2B66D349B4D542A1554AB55B8AE0BDBB6A71FACD2F228EFC7E3313A9D0EEEDCB983C3C343F47A3D789E87D2623A77EEDCF4B8473F4847B754403EC04E6B05668DD178886EEF00AEEBA11AD4F028D23441184EF27E369331C26802AD142C61C3B3ABA8BA4D08CACFA159639CF411A60330037112230A43F47ADDBC962BA8C273BF3C5AF828A3F1108787FBE80F7BF789CD575D13704FD4575656A6D64B19991B0C7281DDDEDE869412F3F3F3A856AB53C73270CFC22BAD266646BBDD46B55A856DDB48D3149EE7214D538C4623F4FBFD6993B22CCBD0ED76AD344D490871426B7D590871274992EEC58B17474AA9BDCDCDCDE49117FC478E119CC7F0AD6F7DAB0AE09F0B21D698F9DF01B80800524AAED56A78E79D77A8D168E0E5975FC6D2D2126AB51A822078E4318F4E31280B2ECBC8CA175F7C819FFCE427E876BBD8DCDCC4783CC6CB2FBF8C4AA582EF7FFFFBF8ABBFFA2B10D1D4922929C5AEF4EBE4A505F9FFFDED3B3761DB0E16E79770FEEC2B8F5CDB381CE3D6F6169224C6DEDE0E46E3215CAB02DFAD63A57E162FB52EC2B1F273A42AC6D6E126EEF43F47948ED10FBB4892189F5FFB04B6EDE0A553671F2B38B7EFDCC2A79F6FA2B37F7F3542E9342E85BC7C4E4A09DFF7F1FDEF7F1FCC8C1FFFF8C720224C26137CFCF1C7D3EB6FB7DBF8933FF9139C3F7F7E6AFD95EF9B1002B55A6DFAFEADAFAF7FE5DAC2F0FF6FEFCC96E338AF3CFF3F5F6EB5A3B0AF240049B425B3B599B223DC170A4F445F74C4F423F44BCC1BE815E645E6CA73E38B8E9871B765D9035B4BC334298A24887DAB35F7CCEFFBE622F34B144080569BA26C59E74731201458555985CA9367FD9F08E3F118676767B87FFF3E86C3A1F8D5AF7E55EFF57AC8F3FC9F01FC338007AEEBCE69ADF72DCBFA0580D317BEE0EF396C706EC6BE7BF76E8D0AE5BC15225AB32CAB4E44BAD3E95457C5F9F979B45AAD2A8C12A5A60B70E1B54C6AC54CFECC844F5AEB4B93DEA69C6B989E9E46BBDDAEAED6D7255F4DDFCE75214C1806180C7B68355BD5F3170F31111A95C7120601CE7B6788E310524A10089670E0D94D38B60721AC42AD8F084258706D0F9EDD40AE52247911CA9D9D9FC2F53C2CCC2FA2D39E8210D625D952F37C8046144718FB23244974E9E793AFE9BAD76B6E6BB55A585858803FA11A38591237EFA3D9AD3EB9E6F86AB3E4E457F3D724A4676666E0380E6EDFBE8D76BB8D5EAFA787C32100D4B22C5B2B7FB7DDBB77EF46650F0F2795AF810DCE0DDCBB77AF29A5DC04B00CE0BF13D146AD56EB3A8E83B7DF7E1B1F7EF821799E87DBB76FC3711C789E57791D931FF24963627A418C61B9CE10455184288A50E6100000EFBDF71E969696B0BCBC7CE3097835696C2022EC1DEC60302C4ADCEFDC7DBF7C4EC2E4C324490C3FF0B1B7BF83AD3FFC06637F84344D2048A0E94D61B1731BDDC6023CAF015B14656AA1043AF539489DE1740C44E9186996E293ADFF40A3D144B3DE44CDADA1D96CA3D96C5D3AAE344B21658E93D3433C7EFA08524A5856F1719432AF3C9CEB5E1370111A6D6E6EA2D168544976A5149224A9DEC7B8D04B7ECEB098F7D154B926BD4613AEDAB68D4EA78346A35125A06FDDBA455114E1D7BFFEB5DEDADA429EE70B799EFF0B805D22DA761CA739180C9E02187C8D8FD9F70E363837100481DD6AB59A4AA9763985BC64720A535353585D5D85E33855B5C9603C177315BFEAC54CDE761DE6E793920F535353989D9DADB486AF63D2C3B96A90A23882D61A711C5D7B5FF3BC799E214A220C47030C478352B5CF822D1C784E038E557838425CE4891CCB85E734605B4EE941480C867D645986288E90E59951EFAB28F24BAA320E611854AF61328F638CC1D5D73CF9FA1A8D066667679F5B4B63BC1BA30D74DDEB9D343C930D8466B4C27C6FDB366AB51AA494C8B20C699A563D525A6B8F889650280F766CDB6E8E46233EAF6E80DF981B68341A779452FF83885A4434E7BA2EFDFCE73FC79D3B77B0BABA8AA5A52500409AA6958EEF44372B005C1B5A5D4D8C5EA5D96C627D7D1DA7A7A7D8DDDD451445D8DDDD451CC7D8DCDCC44DD52DD775D16AB5AA3180A257A7014B08A4E5D0E3C1E11EB6FFF4391AF526D656D7E13A2ED22C459E67F8E3C32FF0C9EFFE1D637F84E1B8280FBFB1F94358960DDF0FF1E8E40F589E7A0D9ED3846BD700686432C5E1E82BECF71FA2DD6EE38DCD37A194C4974FEE238C02FC76EB3F70FFE136EEBDF753BCFFCE07706CB798FFCA737CF9D57DF4073D1C9D1C20CF33B88E8756A305A515C6FE0800AA863E93C3B98E5EAF87A74F9F6230281C0AC771B0B4B484A5A525B4DB3727C8CDEFC81811F39E0117066DB20FC8E48066666600001F7EF821363737B1B3B343BFF8C52F9024C90C807FD55A0FDAEDF6FF04F0EF2FFC457F4F61837303A54CC43A000F85360D196D96E9E969B8AE5B7A0D71B5E86DB295FE2F4508815AAD7649C0DC8408E6C4B80ECBB2AABF44859E8D2D6C084B40A918799E214E6204810F41E2B95C5210FA38393B2AF48FF31C1A1A8D7A139665178D73D918491E95657055F4CB6889248F10A663B4450B8D46F3D2893C1C0D102731FC605C3C8F2E2B725A230CC322779316257BA2E23590BA684A7C515ECA906559D5D8573C4E216B612A7B2F6A36049ECFAB5DFD5D989F1B4FCB7CED76BB5456B2B4108288C8D15A2F9703B82FAE1A7C8F618373857BF7EE35D234F5B4D63344B4685996DDED76ED66B3896EB78B4EA703CBB210866165682693947FCE83F9739806C1C96EDAB22A527955D7611A06ABD52E44B06CBB907B28C3AC20F0F164E72BCCCD2EE0F6AD4D38B683A73B8F301A0FB1B7FF0C6114C2B61D2CCC2D8384C09D377E5434E0D51E23887D488AB1DFFF1216D94558A425321DA1D3EE62697105AFADBF01A51406A3F3CA88455188C3A37DDC7FF005DAED29FCE0F5B79067194ECE8EB07FB88B300C4A1D1CBB0AD50817E56F931BBB09DFF7717A7A8AF1780CA03012AD560B3333332FF48CBE0E57736D42882A441342A0D3E9A0DBED627E7E1E6118DAC3E170264DD3B6526A666363A31B4551767C7C1CBCD441FC9DC106E70A42888EE779535AEB2500B76CDBC6D2D212A6A6A6B0B0B080D9D959244982D16854E565BE493CCFC3E2E222C230AC4EB4A3A3238C46236C6C6CDC783FD721B1A9F2000017EF49444154752184A83C23A242CCDCB69DCAEB198CFAF8E3832F707B6D03F7DEFD29506F62FB4F5FE0E06817E7E7A7F0FD3166A7E7B1B6B28E9A57C78FDFF949312C69D938EF9D62EC8FF0F8EC0F8517A3514985CECDCC63F3F61B78FB473F06B4C63818224962FCE9CB6DF4FA6778F2F411C230C0E2C2325EDBB883244BB077B083AF9E7C09AD345CC7AD8E13B808694C22FC455ECA7038C4EEEE2EC2B0D81863DB36A6A7A7ABD9B497C1189CC9B0CB784DE6C2301A8D686D6D0D83C1C0F57D7FB93CFEA56EB73B5FAFD77D363897618373852CCBDA9665CD2BA5A6CC95CC48201051B573C92486BF698CDB6EAEEE9EE7218A224829ABF00DC0A5AA8BF9BE12B32A7F66F249F55A039E5B5CED9334C6D81F63F76007FD610FFDC1397C7F0CA914EAF506DAAD0EE666E651AF358AF0810444992C772C178EF020B4AC7691DBD68541D35A4390C0C2DC22E224C6E1F13E46FE101A1A637F04D771F1F4D95788E30841184C1C5B91772ADE5709615D842ED7B5014C8641711C633C1E238E63B86E9123721CE7DA64F3378149364FAED069B7DB6595AD2A1E7400CCDBB66D0138BCE1A1BE97B0C1B9423980F9A610621D28AE68CBCBCB989B9B8365590882E06B257FFF522CCBAAA6C63B9D0E922441AFD783520AC3E1B0E88D29AB2B57EF67AA68B66D23CB32647906A924E66717D16AB6D0EB9FE3D9FE5328A9F07F7FFD6F705D0F5F3D7E80300AD1ACB7303FBB84B59575BCF583B7D16AB551AFD5A19482E779A8D79B5019217335A454505A420842DD6BA0E6D561597661706C0BEFDEFD318228C060D4479AA518F943EC1FEEA2D73F43268B5CD7E9E931D234C1D2FC0A161756E007231C1EEF416B7D2994BAC968982AA0196F9052A2D3E9548D97CD66F395191CF3352D17F8DDBA750B8D46030F1F3E34FFECB66559EF0A219E00F8D3377E10DF61D8E05C41295527A20E11D58DD750ABD550ABD52AAFE15562AEE8A632E2795EA57097A629B22CBBB6FC7DDDD4B8F1C23CCF43ABD9811FF885D87A9A6030E8C3B66D24499150B62C0BAD461BADB267A6D968410801A52FFA86008263D5609142AE72084120886A84C294931B8D264040BBD941BB3D85280ECBA435A1DF3F872CD5FD0AE3E2A1D968214D932AE16C3CBC17ED383739B3342DF6A32BA5D06EB7AB79B2AB06F99BC65C7488A84AF24F18B88652AA43442F17D3FD1DC206E70A44B44844775034FC998A04E6E6E65E3A09F95FC1F33C2C2F2FA3D1685449E37EBF8F274F9EA0D56A616565E5DA2B78BD5EC7EAEA2A86C3A1D180C1CAD22DDC79FD2D380F3D3C78741F5996E2E8641F0482E37868B76A7863F34D7CF0DE3FA2DD6A61A63B0DC776A075D19BD3EB9FE3C9D347E8D697B0D8D9842D5CC46900A524FAC1214EFA8F313FBB84F45602AB9CB3F2DC1ADE7FE703FCF0CE8FF0BBDF7F8CFF177D5C6AF4EC03BADC0E2A2CCCCF2DE2F58D1FE2E9EE237CFEC72DD8B68DF5F57574BBDD1B4744A494383D3DC5683442AFD7439AA6D5FD8CFAE1B785E9C59A0CA988688988EEE862353133011B9C2B1091535E999CF2FB2A4CF97325D66FF8382A0FC73C6F9EE74892049EE7DD18D20921AA3C86093B8C17E1952B75CDEC1600B86EADAC70D531D5E91695AE727B42AE2434805CE648D218CA55706C0FAE558392123965D052234D13E4797669950C092A9FB35855635936729957CF6BC4D21DDB41AD5687633B5589DE719C2A097E1DE6F84DEF93794ECFF35E78BF57C10D9F0F07C546D49B7539BEA7B0C1B902114D13D12A80B94971A75AADF6CADDF449CC9573B2D43D1E8FB1BBBB8B858505ACAEAE5E7BBF46A381D5D555789E87FDFDFDF2E44C1045213CB7868DDBAF234D139CF54E20658E3BAFBF856E6706EBB7368B8969DB86B02C800867672788E210BE3F0674114EB5BC2E5CBB064BBBC855825EE820CF7304A18FF3FE29E2A485A96E074061542CD7C2FAAD4DE432457FD0C3EFFEF0318410989F5D42CDABA15EAB238A82AA1FC7B22C2C2E2E627E7EFE851ECEF9F9390E0F0F311C0EAB04B6A94C5D370AF1AA303937F37BB22C0B52CA19AD750EE0C9B77620DF11D8E03CCF148045226A9B7C88EBBA7F158333353575E9798320C0F1F1311CC7B93197E4791E16161600A0BA5F9E6748D318AEEBE0D6EA6D8CFD11C6FE00690A6CDC7A1D8BF3AB989D9945AB797938B43F3847188588CAD1035B38A8BB2DD49C262CE52095312C2A1A20A324C2703C402EF3EAD84C1E6665690D8D460307477BF8FD67BF856DD9989B9E47A7D385E77A4892087939D92E84C0ECEC2C1616166E2C6B2BA530180C7074745425F18DFCA8A9547D5B4CE6F82672675328D6104F7D6B07F21D810DCE158848A2D0B9954A29445184070F1EE0F4F414ED76BBEA623555905AADF64A5C78A30268C2232104A228C2D1D1111A8D46155A5D4DACBAAE8BE9E969244952191CD3ED6B5B0E6EAF6E208A43D4BD3AF23CC3C2DC22A63A1DD4CBA4F864D4381CF5118401B24CA2EEB4CB9186222423100409B8B6879AD382CA1546A3016499CC35A11B00388E8B66A385D9E979BC73F77D58C2C6F2D21A1AF56631BF1505484A9130D350373D3DFD5CCECC24AFD33445AFD7C3D1D111C230AC5A09DAED7665E45E05A6B35C4A597537A7698AD16854499996C65602C8CACF1233011B9CE7C98928D15A67799E63381CE297BFFC251CC7C1FAFA7AB5E7DA4C89BFA8FBF765701C07737373D05AA356ABC1711C0C06834ADBD8ECA56A341A970C4EB3D9C4AD5BB7AA93100046E3014ECE8EB1B6721BEFFEC33D28A990664951C172CD40A680655D369CBB07CFE0FB63C44186E9E6121A4E070401AD51484E681B0DA7836E7D0159AC7070B48766A3852CCBCBDC463155DE6C34D1A837303D3583A5C515108ADC91B02CFCE71F3FC5E3A70F1184457ED5B22CACACACE0F6EDDB957CAA416B8D2449100401767676B0BDBD8D3CBF90235D5A5AAA725FAF02E3592549522DE21B8D4678FCF831B22C431004A6D296092112A5D4CDB328DF53D8E03CCF1980A700E674B166572449D292525ABEEF5B44244C9F88D9263029853929F3F932575A737FAD75D5786812A5511461381C569AC85757C99832AD71F1F33C471C4790322F92B34295464A97FA369797DB19C228401886D0D28667D7615BE5896CFE0D112CCB8167D7A155F11C4250D51C573C96061150A8B0DAA879B54263C72EBC36A524E238429E67CF353C5E7DFFCC093F180CAAD932D38DDC6AB52E4D7EBF0C93D3FDA6D1D324A84F4E4EAA8D1083C1004110A8388E659EE752291568ADA510624F6B7D42442CC6750536385748D3F47F0B213EB12C6B8388FE9BD6BA99A6E93F665936B5B3B3D326A2DA6483DDECEC2C3CCFC3DADA1ABADD2E565656B0B0B05085067F296696486B8DB7DE7A0BCBCBCBD8D9D9C1975F7E89E3E363FCE637BFC1CCCC0CFEE99FFE09535317A9825AAD86858505A4698A4EBB83288CE00763E452627A7AF6D263178B099EEFE235E2587B07CF301A8DB0D0DEC04AE735D4EC1684266823C80E8196DB0569C249B883D3FE3E1A8D3A92382E0C9FE7426B1BC5AE70A39D7CA1DE0700A3F11007C7FBC86556CDAACDCCCC607A7AFAB950354D537CF2C927E8F7FB383838401445585E5EC6E6E6662542FF4D5412C3B0101F3B3B3BC3DEDE1E46A35135B1DFEFF72BE3531AA62CCFF3A1526AA4B5FE2D110D9552FF4729F55808D17FE983F93B830DCE15A49443C771241135B5D603ADB544A175229324B9548B3657D47ABD5E6D66304D682FCBA45854B10DA161F457AA0969CFF3AE9D709E9455300D80799E5D5A0B5C3ECB0DCF5EBCCC344B8B063D05D8965B69195F1C2420C82E3C1F5DECC2CA72BB6A8AD357F6C45DE77D140A87199496973AA5AF1BD8544A210802044150899B992A62BD5EFFC67269A63C6FBC49DFF72BAFCA6C7698401391D45A6700462884B74E2DCB3A06107E2307F477041B9C2BD46AB5F1F1F171D46AB58266B3792484B0B32CFB5F44541742BC066016C06D003F9052D6C7E3F18F822070C230148EE388CF3EFBACAA58ACADADC1755DCCCDCDA15EAF576B624C82F3EBF2E69B6F22CB0A83B1B7B7872CCBF0D9679FA1DD6EE3830F3E80520A8D46E35255C775DDAA116E7F7F1F27A74758595A43188555AFCEE4AA5D43140538EB9D14FD2D1295787AA73607D204E88B6E6B8240CD69C2B13CF4C343D864434B60EFF05911568A5BB0CA592BB3AD132893AF490C29730CC77D9CF7CFD0ED76F1C61B6F5C5A0B6388E318411060381C626B6B0BA3D108711CA3DD6E63636303EFBEFBEE7F396FE3FB3EB22C431CC7383B3BABBE264982838303A4695A8A8385C8F35C0541A0A494599EE70FCA86BE47009E12D120CFF32F75B1B1F30C401686E1A9EFFBE1D4D414278DAFC006E70A5B5B5B19800CC532B4F3F2660260BFF7DE7B77B5D68B96658DCAE6C04E9AA66F00A0288A6CD3EA0E801CC741922454ABD590E779D5766FC299AB3D26D78502E6B6E9E9690085F29FEBBAC8B20CA7A7A708C3104110208AA2E72A3A9665A1DD69432A89BDFD3D447178698C01DABDD6C1C9648E71E0234D13406B10046C51E47094949013D3F144045B38E55F17040B0061EC8FE0382ED23CAD34842729F22359D5C8982431008D6EB78B46A3F15CEE26CF73445184300C71727252EDA5725D179D4E07F3F3F3973CA2EB9A22AFDE660C8AEFFB383B3B43100478F6EC19A228C2CECE8E4E92A4BC9B06112922CA01A45AEB6322EA01D8CEF3FC0B21C47996659F6F6F6F67B8B2FA776F6FEFF937F87B0E1B9CAF8706A0945267B66D275AEB5C08312CE7AE9EA2E82A5D04D006B000605629250683C1ACE999A9D56A383D3DAD3C9C6EB75B6D20B02CAB5A536236154C6AEB1AC3D3ED76B1B9B989D16884A74F9F22CF733C79F204A3D10877EEDCB954D5B12CAB12FE765D174A2944718893B323D4BD3ADC05EFDA10A418163D451447F0EC162C57C1B5EA659874F31BE4D83534DD0EC806CE7B6745D5285A295BFE0580091956ADD01FF4CAA47450CD7BCDCFCF5FD6F429190C0678F0E04135532684C0FCFC3CA6A7A7313D3DFD9C40BBF1068D36B45925636E33D547E3E198CA93C9CF28A5FA002411F5B5D647007C0047282E420F89C897523EB32C6B3F4992607B7BDBEC1A67FE0C6C70BE3EF2F3CF3F3797ACFBE55771EFDEBD769EE72DCBB27E8C22D4FA09807F9052BA272727B300B0BFBF7FE9812CCBAA667E4C77ECDADA1A5AAD16DAED365657572FE560CC157F717111EFBFFF3E767777B1B7B7872449F0E9A79FA2D168A0D56AE1F6EDDBD573B8AE8BE5E5654C4F4FE3D34F3F85D68544C4CEEE634C75BA989D99875396AD2789A2007B07BBF0FD311ACE34846DA16637CBD3E9F973CA9CE835A789A9FA022432EC1D3E43BD56C7ADB50DE4790ECBB2E04C3C95921287C7FBE8F5CF301CF5A1B546A3D1C0FAFA7A652027393E3EC6C71F7F5C7A43096CDBC6C6C606363737B1B4B4744915D0F44E655986A3A3230C8743846158257D8D67E8FBFE8D5A465AEB23228AB4D67F02F0B1D6FA20CBB2DF398E33DEDADAF2C15B36FF62D8E0BC1C7A6F6F2F9F9E9E8E9BCDE64959E1A90921465A6B9788CE515CDA9B001CAD759B883CADB52DA5ECA4692A7CDFB792241193C94FDFF7ABB0CB28F90921AA2BBCD6BA92381D8FC79520D8783CAE04BFCDEE25D338081461447FD08310D673C96693E84DB30C411860EC8F50B7E661910B5BB8D05ABDF01A5E08AD3791AB04C3A80740234D92AA747DF5B9FC608CFEB087244D2A6FAEDD6E579214A6C92ECB320C8743F4FBFDAAE7C654EFB22CC36030A88EDD34DE99FC4CBFDF471886951793E7B94A92444A2995D67A0C20D35AA7443442D1EC1900C8B5D68F4A83B30BE09952EA3C8EE3F8F8F838077B322F051B9C97431F1F1F47C7C7C7F1BD7BF7BE701CC74ED3F4375996794208BBD4D66900D820A22E801F6AADE7B4D6ED300CDF26223B08820600B1BBBB5B55980A8FE0E2045C5D5DAD0639EBF542A3C66CF73C383880520ACF9E3DAB9AE5969696AAED9452CA2A44F383311E3FFD12499A2097175777530A2F3A687D1C9F1E6230E8E19D9537E1390DD4EC16F49F111CABD94D74EB0B48F2005F1DFC1ECD460BE3A048EE1606E262823B97390E8FF7B0B3FB18637F0821443503661AF79452E8F7FB180E8778F6EC191E3F7E5C55043DCFABBA7D7BBD5E1536EDEEEE424A5955B18C509A918005A0A494A1D63A9752DED75A0FCA7CCC7D0023ADF51300419EE7FB44940248EBF57A1C45917CF8F0619168025EAD3EC9DF396C705E1E05005B5B5B574BA0D6FBEFBFAF89A82184A8A1B89A2E12514D6B6D69ADA5528A8C5B5F26292BCCDA5953D132920B6652DC8411A627244992EAFF818B5E1B139A51B92F2B4E62A469F29CF1D0E51FA914B2B21C6E091BB6B8A61C7E0D54AE93C98553268433A81B9411B52EBCADA25275212836B96173B2F12E4912C4656F8FF1FA00546B668CE7D7EBF52E199C6BD042088522248A88C8073024A253A5D4404AB92B84F05DD73D288B07CC37CCB7A7B7F0FDC4BE7BF7AE00E04651644D4D4DB9711CDBAEEB0ADBB66B445497522E12515D29F51680AE10620EC01D2144DBB2AC4D0035DBB6EB4424CC89693A5F2F84B18A91069390369216A62A767C7C0CDFF7AB137F76661E3F79FF6768D49B989E9A81ED3808421FA3D110C72747B8FFE00B4471849FBCF62F65FE8640B268F423534A2F3F394A975E8496503A479247F8C35E310A72FBD6266667E631333D8B9999594899A33FE8214D136C7DFE09CECE4F2A21B146A381C5C5C52A54327D304597745C6DD634C6D3CC4C4DEC0153799E470012A5D453A5D49088BE92529E12D18888FED3B2AC5829750C20CCB22CC9B24C3A8E237DDF4FEAF5BA04906E6F6F2B14E115F30A600FE7D5926F6F6F0345E3E073FCEC673FABA7691A945E508B88C2B20236A3B5CEA494B300F22CCB3415677AB543456B2D0080A8703F7CDFA72008C81825210499B1872449AA3C47712227188D87C8B214B6EDC0751C8C833146E301C228805245454A2909A9F2C287930A04011256B955C194EE24942E0C8ED60A4AE728063C8BA1D1B13F82EB3A70DCC2F3198EFA8507955E6C161542208E631C1E1E56F352A521D1E5716B22D20090E77931AC54BC27C5EC4451BED642081F400CA05F56988E85104752CA01802744140338BCC61B65BE25D8E0FC15F9F8E38FF3BB77EF0E0144B66D3F280D4F1BC0E332F45A1042384434ABB5B6CBDB9A28049E5A2812D1B788C825A2168AF23C29A52CADB54ED314444446A4CA7838491263FF70178E6DE3F4FC049665234D12447188200C906431A4CA71D0FF1296708B18486910091008E57FE599AEAAAE62AD35A4CE90AB142A97180C7B8893107E38C2E9F931A49208A3A00AED808BFCD144D8A527BE57005469287C149EC70E0A031E68AD5314DDBC111149223A039029A5CE00845AEB13A5D4D8B2AC284992F32449B266B3C9A1D25F110EA9FE86F9E8A38FC4F6F6363D7AF468CD711C2FCFF31921C4626974960034B5D61F1251A7FC7E164555CCC5C5EFF6BBF63B3696476BAD8DC4438F888E00844AA97F23225F6B7D2484184B294F1DC7390790ADAFAF3FBB7BF7AEFEE8A38F38B1FB37CA77EDC3F87D8300E0A73FFDE94C1886B6E779AD3CCF3BB66DBB00A674B1D7FA0700EA5AEB0E11B5B4D682886C1486A70140A01015ABA3F0683DADB5F11AB4D6DA024044E4A0305416805AF93816115119BE89F23642212E85F2FE8A888C2762421C533E4E5094995314DDDBE6DF426B5D23226BE267318A04AE42519E965A6B39F1FD1040AA94BA4F440980A1522AB62C6B1CC77150ABD5F2ADAD2DD319CEA5EBBF51D8E07C37B000E0DEBD7B62381C8A3CCFA9D3E958524A02E0369B4DCAB24C64592600A05EAF9352CA25A225008E94F275CBB2660134B4D6334AA94408D12B870E3DADB55586641DAD759D88A6CB10AE81E233E200704A036197B7E912E3859891108D32C44131C81802186BADC765D89368AD852E369BD694520314E151CFB2AC475AEB5C6B7D68DB7612862188480B2174AD569341106800A965597A341A49DBB6F5D4D494DADADA321E0D37E4FD8DC3399CEF061200B6B6B6BEF60975F7EE5DD7711CE1BAAEAB949A0160EB4267D71542C45AEB6169148CA7A18510566944EA44649709690250646F01ABF462A84CE86A14462647A17097A2303871E99D844414001803180921A4D63A46E12D39449413D1B86CC2EB53A11F938F46A3A3478F1E25CFBD2886611886611886611886611886611886611886611886611886611886611886611886611886611886611886611886611886611886611886611886611886611886611886611886611886611886611886611886611886611886611886611886611886611886611886611886611886611886611886611886611886611886611886611886611886611886611886611886611886611886611886611886611886611886611886611886611886611886611886611886611886611886611886611886611886611886611886611886611886611886611886611886611886611886611886611886611886611886611886F96EF0FF01CD7417F45B03B11B0000000049454E44AE426082, 'kobe19961231');
INSERT INTO `headimg` VALUES (0x89504E470D0A1A0A0000000D494844520000017A0000017A080600000017A093900000000473424954080808087C0864880000200049444154789CECBD59901DE795E7F73B5F66DEBDF6C20E10200949142191224B4BAB5BDDADE951CBD3DDE39E982DC6E1797138FCEC2787C37638C27A71845FFC382F8EB023C6E3E541764CBB3D9E899969BB35DD6AB5440912450A9240821B88BD507BD5DD32F33B7EF832F3666107088064D5F945142AEBDE5C6F154E7E79BEFFF91F300CC3300CC3300CC3300CC3300CC3300CC3300CC3300CC3300CC3300CC3300CC3300CC3300CC3300CC3300CC3300CC3300CC3300CC3300CC3300CC3300CC3300CC3300CC3300CC3300CC3300CC3300CC3300CC3300CC3300CC3300CC3300CC3300CC3300CC3300CC3300CC3300CC3300CC3300CC3300CC3300CC3300CC3300CC3300CC3300CC3300CC3300CC3300CC3300CC3300CC3300CC3300CC3300CC3300CC3300CC3300CC3300CC3300CC3300CC3300CC3300CC3300CC3300CC3300CC3300CC3300CC3300CC3300CC3300CC3300CC3300CC3300CC3300CC3300CC3300CC3300CC3300CC3300CC3300CC3300CC3300CC3300CC3300CC3300CC3300CC3300CC3300CC3300CC3300CC3300CC3300CC3300CC3300CC3300CC3300CC3300CC3300CC3300CC3300CC3300CC3300CC3300CC3300CC3300CC3300CC3300CC3300CC3300CC3300CC3300CC3300CC3300CC3300CC3300CC3300CC3300CC3300CC3300CC3300CC3300CC3300CC3300CC3300CC3300CC3300CC3300CC3300CC3300CC3300CC3300CC3300CC3300CC3300CC3303E25C8C77D028671E6CC9906C068346A4D4D4D1D07660044E455116979EF13E094882C16AF9F29D701A2E20B60D9896C0328DC14580750D575859BC53AEB22B25C2C5FCDB2ECC70051148DCF9E3D3B089B1AC6DEC27DDC27601886613C59E28FFB048C7D85002C2D2DC5E3F1B817C7710CE0BD3F0810455153558F38E77A002272086838E712E76456C475011A8D24895CE41070CE391171004EA421A22D00AFD2C56B0EE0F19AE7B90FC7D238CF53179625CAF37C0D405577969696D647A3916F369BF97038DC043877EE9C07B2A7F50119C693C05237C653E3F4E9D34D804EA773C039F775E7DC7CF1D63F28BE474047441200559D1211272274DAED46B3994400C78F1F69B55BED0881E9A95ED46AB52280344BF33CF30A301C8DD3341DA70083C168DC1FF4870083FE70BCB5BD3D06C8D23CED0F063BC5B13FF4DE9F53D50C58CFF3FCCF8BD777DE78E38D552CD81B9F626C446F3C3566666622802CCB3ACEB9E3C0610011F9ED621551D59822A528528D43348A248BE3D8034CF57AF9D4544F45607676369A9AEA3980C160D8188FC711C0CE4E5F07C321C57EB23CCF7380749C7927CE0388F322223180AA5E007211198BC8721445AF857D0EF2A5A525397BF6EC13FD6C0CE34962397AC3308C3D8EA56E8C27C6D2D2D2A2AA9E8EA2A899E7795B44FEEBE2AD0E701468011C3E743006E8F5BAEECC99CF268B07162380173E779A244E248A229DEA7569B59A00C471ACCE39824046050942199F7BD4E702A0AAAAEA09CB1E1F06F4A888FA90DDA1DFEF73FDFA4D01B87163B9FFD6DBEF6FA469A6FDFEC0FFECE7BF1A15FBD910E10A908A908E46E99F0178EFB7F33C7F5F557700DE7CF3CD379FD80769181F114BDD184F8C388EA33CCF5BAADA06DAC0B1E2ADA6AACE894823AC17ED00341AB176BB1D66A6A700585C58A0D14870CEC954AF57057A552D8339AA394A11D0BD072DD5917E328851A5A69A140D73B7B45A4D8A343EFDFE2069361A5DE79C8ED314601E40443A222890AAEA9842D6A9AAE29C6B8988E5EE8D4F3C16E88DC7451958A3A5A5A52E409EE7B3AA3A0B749C732D550DEA18E75C92C4845139CCCE4C0B406FAA27ED769B66A3117614399C135C91ABD72288EBAEC0ADD5EB686DB9786FF2BD5C96EA6620C531001A8D844EA72D6996A1AA32371BCE49BD461E4D441515E8F707DDE21C743CCE66457C02F08D6F7C710E204D3BF9F6F6F6F0DCB973E92D2761181F1B96BA311E07F1D2D252234D5349926401F8BBC5EB4754F52582922672CEBD0C303D3D159D7EFE54B3D7ED3880DFFFD63773802449989B9F75CD66C301CCCC4CE19C4310A248702EFCB97A9F55C1BA1CCD437103D81556EF14F4277FF2799E311C8E00180E46F9C6E676EED5938D339657561D407F304C57D7360659967BEFBD3FFFD6BB1700C6E371BAB2BCBA354AD32CFC9CFEB0D8ED9A6AFA57376F6E5E04387FFEFC3616EC8D8F191BD11B1F993367CEB8959595C6D4D4948CC7E39946A3F19BC55B47815744A40BA84848A6B75B4D8E1F3F22F37373007CF9CB5FAAFE0E9D7395DA66926357543334C8E2F13EADA5681E96C9765114D1ED7600E8763BD1C2E25C541EEF747E1280D5B58DF8830FAEB447E3315996EB952BD75B008381632D8AD4657979DECD706E7A05DCDBBD5EEF7A71981D2CD01B1F33A6BA310CC3D8E358EAC67854E2DFFAADDF6A03F4FBFDAF89C8DF254CB84E03BF0DD0ED761A0B0BB3DD288A5D2349F8FB7FEFDF77009D4E9B63470FD36AB500387060A11CC21793AB61009CE7E3DAC85DABD71F7D34FF60D4F3FC699A311C8D50AF28E8D6D6761ECECD331A8D28153C7FF197AFAD028C46E3ED77DEFBE0FCB56B376F86EDF3FFEC073FF8C10A9389021BDD1B4F1D4BDD188FC4D2D292146663008BC01745A4A7AA6D11292C0D9CB65A6DDF6824349B0D3EFBD9E705C2C4E7DCEC2C8D46B26B9F21942A94291B9FF371C4C55AA1168D46523F4F999D992A0BAC76DD10DEFCC5F93980ED9D7E27721122721C208EE3E637BFF94D3970E000DFFDEE772DC81B1F0B16E88D47626363C32D2C2C24002212ABAA93090AE05C441CC7D55789540F92A58A66B25FADAB683E4583DF5241143927C17E27DC2DE2386D6C6C8C1A5B5B5BFCC11FFC417EE3C68D50DD3B35A5070E1C5080EF7EF7BB9E4FD3C51A9F3A2C75633C304B4B4B499AA60D00E7DC67A228FA7B00AAFA02F09B40B3D56A46278E1F9B013871E2284B4B2F4BAFDB258A22BEF885CF0B044963A3D1202A5434791E94888AA23EABC928F3A77C850F477D44FFDEFB1F7A80B5B5CDFCDFFDE56B3BEFBFFFE118606D7DF39FA569B6154591EF763BFD46A33906F0E3D107794EDF7BEFF3D1E89DEB1B1B5700CE9E3D9B434D4A64188F011BD11B0FCCCACA4A74F0E0C116409AA6CF007F0C2022F304DF9A288E623D7CF8A0023CF7EC29BEF69557992974F2E5A897324553E07DA8392A0BA03E2D83DB7A8AE7B9679F710037A75665617EB6B7B2B2A600EB1B9B7F5B44320D79A875E75C1F2015CE7AFC3A8ECC371A5B40E9916F41DE78EC98EAC6300C638F63A91BE39E2C2D2D25C3E1B009D06834BE2622DF2EDE3A2922BF0FD0EB759BF3F3736D1191C5C579FED13FF83B00CCCC4E73FCF8511A4912AA4C2BD58CC7E76935E99AFBBA8BC0A763347F370683A1BE7DE17D5D5D5D07E05FFFDBBFDCDAD9E9FBA4D1D0173EF7DCF8E8E18339C0C54B5757FA3BFD91F7E895ABD7AF5DBDB6BC0AD0EB757F3437D77B2FEC4DDFFA67FFECBBEF7D4C9762EC212C7563DC93959595686161A105A0AAA745E46F15CBD3147E308D4683B9B9598DE388C3870FF2D24B2F0A84D446590055B72D50F545756B99A5F87407F73A4912CB891347E4D0A145007EF0D73F9B510DBE3A470E1DE099678E02B0B1B9754C00EFBD8A23172953369A88480720CFB355C002BDF191B1D48D6118C61EC75237C69D90EF7CE73B02F0A77FFAA7AF88C8370154F5CBC0EF01B45ACDE6DCECEC0CC0F3CF9FE26B5F7D954623A1D7EBF1D5AFBC32D951ED2F2CCB42231054513F719DFCC8275B1D44762DDF6D9D5D2755ACA7DE139A4BDD6A9AF67078EF198F538A3E27FCF4A7E7188EC62449CCB1A307293E32969757188DC7A8A257AFDDD0B5B54D0578EFFD4BBFBE72F5FA3580388E7FDEED4E9D0B7BCE7F79EAD4675E03F8CE77BE638557C6436181DEB88DEF7CE73BEE7BDFFB9E03D8DEDEFE87AAFA9F02A8EA61113905303DD5E3E4C913002CBDFA127FFB8FBE4DBBDD42446814EE9375674955251B6F57C7D0C714A7EACA179188A27D6C11CC27EFB9F2750471F507D9B0EC7D4A9E8FAA739DA4953E1AC3E1A8FA0C1A8D84288A76BDAFAA6C6C6CB1D31F00F027FFD7BFD1D77FFE2B005AEDD6DBBD5EF78362D57FBEBD3DFA1F00CE9C39A3DFF9CE774C9D633C3096BA310CC3D8E3D888DEB88DA5A5A5E755F52440A1B2F9C700711CF75AADE60CC0C9678EF3ADBFF93B0270ECD8113EFFF9CF92C47198802D3CDE553D9A6795B54139627E70EAA37557A55CA4967E117193B5C44DAA6E77FD654BAD1A77F29EAAE27DE9909907574C4AABE3C7F3C4916559553210FCF5778FAD5495D1684CD1EC8473E7DED62B5783F1E5E52BD757AF5CBDB10E301AA53FDBDCDCFE0B00EFB3370683F4AF00BEF7BDEF29F0C9AE2C333E764C7563DC86F7FED9288ABE512CBF5CFAB6341A0953BDAE029C387E94DFFB1BA1A7771C47341A8DA0AEA90548554FEEC7776808F2A04C72EEE22669997A8A46C4ED4ADF4CB8F57835DB05ADAB7F8AFE20EA1F5BBAA64EDDFAE14E8808AD56B3EA9EF5CA975E942F7EE1B300FC7FDFFBEB852B576E2C0078EFE740BF506CF3BF8E46A3D700CE9C39939F3B77CE02BD714F2C75631886B1C7B111BD01C0D2D2D20CA16937AAFA82F7FEAB002272B25CE7F0A1837CF1CC0B009C7AF6199224FCF9EC4A47A856A364D5B287EB838DE645A418A917A37517518EC4A536B95A4DB886A3DCBA97DBF6ABEA6B93C21E0A0F9DFAA4EBE352007D54A228AA9E509E3D75A24AFB5CBE72BDF5D65BEF864E2D229FEB767BBF17DE397EEDDCB973673F8E73353E3D58A03700188D468B49921C0470CE7D05F83694C137B8519E3C799C6F7DEB77437FD75EB7A6AE81CA6A5D3D3E1F875754AB2E51F762973CD225381715AFC7774ECBD4F6A9D4CDC5A4524ED63345DE7BB4F2D3C92B6F9D4F22E5CD13E0C5173FC3E73F7F1A801FFEE8F5CEB56BCB1D8034CD5E1D8E461E40D59F052CD01BF7C452378661187B1C1BD1EF6FAA3C491CC7CF89C8E78AD70F972B4C4D75656E76168043870ED2EB750168B7DBD54E426A2458AAD71B723CE804AC485C7C2F53379389D3C9BEC2CF50AA6EEEB427DD95A2A97ACE7A5F591E3FDAA4F083A3AAE4795E1DC7FB1C348884A2F8761DFDBD1091EAD16476668A674F85BA85E59B2B536F5F78FF78B1DAA56F7FFBDB5D80E8DD77B37F75E1C2C34A9B8C7D8005FA7DCC37BFF9CD469AA609C06030F84311F9E3E2AD792002387EEC285FFDCAAB00BCF0C2694E9C3876DB7EBCFA872E36AACB25E3A4537B7D12C177DB174FD4322E8A91328F7FCBFA6570CFF3B4AA747DD2AD07EB78EF198D86E45938F678340455C4397A53D34451FB3E7B98E044A0B8313CF7EC090E1E5800E0CFFFDD8F8EFFE4276F1E2D564BA75BEDA300EEE4C94D2E5C58C6AC8E8D5BB0D48D6118C61EC746F4FB17595F5F3F11C7F13100113906F4005AAD66A3D50C8DBB0F1F3AC8B3CF3E03C0C2FC7CB5F1AED488E61375CD3D46CF2251B97067FDBB2A5E275DF542AF8E721301B97D143F51F68434C9A42BD5D31DD48EC7E18926CF32FA3B5BA4E33021DD48427D81BBC592E16189A2A8D2DA4FF53ACCCFCF960DD50FE49AFD2E8066BC7DE6CC99B573E7CE8D3FCAB5187B0F0BF4FB97C839F74555FD7AF1F30BC002C054AFE716168292EFF9E74FB1F4EA4B618368F2E7A2AA3575CD44D5722FC495B9788773B72B6A26AD04CB7C7A19AC85286A1472CBF073697D5CCFBFFB7CFCB1B51F1C0EFA0064E3311B6B2B0C063B001C3E7202E722C4DDADB0EBC16834924A91B3B038C7B163870460381C9FBCB17CF33F022076FFEAC0810367010BF4C62E2CD0EF6F12116903A86A4C919777CE559386711CDF22A32CD1BB2CDF9DDD0664939F773F04DCEB89E013ECD8519B80F6DE57D60AB0BB06E0512964AEE5B294BF1FE72416916E71ECC6F474FA09FE908C8F0B0BF4FB8CD3A74F370F1C38E0BCF7499AA6B3DEFB0500116995EB74BB1D0E14137FA5CAA6A41A65D734F2F79EEBAC7BCF4C8A9FEA2A1A2DFD666E51ED54A99A5BAC85773531C1D746FE4F5E51535714F97CD2C8BC4CDD64691A5248C5353917E18A22A8C775A34AE2984E3BFCBAB22C77A3D1B898E1D55696A58D3367CE345AAD969E3D7B367D2C07343EF558A0DF67CCCECE9ECAB26C5A551B22F22DE0EF4118259681E895575EE20FFE5628BC9C9EEA5595AFA1D8A84893F8ECBE8547220EA9A568E2B859EC478B7C7AA19049FBB58D266A9C246ED5AA60EBEA9A603E16F6933D50DAE87151E6DED3F188CD8D55B22CC4D29DEDCDE2DC3CE3F1B8F2A36F77BB348AF98E5B0DCD1E95C58559BEF885A084BDF0CE07533F7AEDF55216FB9CAA1EEB76BB5B699A8E802B8FE580C6A71E53DD188661EC716C44BFCFF0DE9F1291C340A2AAF3E5687B7A7A8A76910E989D9DA6D309D980A491B0BBD7EB83141E95A36F57384D4A79ECF22C50CDB9DD1EA12898BA65141F0E55B33DA8297EEEA6D9AFE7C9BDCFF1795EDBF60EA75AE796148DD6AC8BD37118C167594A9A8EC9F36CD7B5A96A61D55CDA384C2661E523E6E94B9224A1DB0DB507A512A7A015C7F1621CC7CD24D13E36A2370A2CD0EF339C735F57D53322E254F51445A83B72E410470E1F048205F1FC5CA886AD5767AAAFD9FA3EC0A4A9738EC8C5840747252F532C853DF0AD815E049C8B2BAF9B706A4248D34C82BBCFD33BE6E5EB379F3C4BABB4CA783462340C1D9CF25AD0AF0E712BAA9300AE3EA4618A58AFF9E446E76BD2CEB2408A22C847B5CFC0C9E37D706EB59A2C2E0655D4D5ABBDC9A5884C27897B2E8AA49FE78D35E0DC633DB0F1A9C502FD3E4355A744644E551DD0A408758D24A96C0D1A8DC6C4477D97FB646DF99E7AF97ADF56B97DF2957222576BEB51AD2BF70D8CF777C4AC4F9C7A9F57813BCF27CBBBCFB5BEADDF3552CFB25A2FD9FB55D91623FA9A42E6B1AB859C7395D4328A777D5691883441BC73FE4E5229639F62817E7F50D7F745DEFB58769BCA10C511499284E568123CCAEE5093171E42D952EBE454FFFEA0FBD05DEBD6D229D5A9E82DDF276919EF7D35720FEE9593D4CAFDFC6E423CBF75DF7ADB3A777A9A10914233FFE4A6BF6EBD91D45E77222E112155B5FFDBC604FB63D8FBC45FFBDAD70E7BEF6700F23CFF4D11F90AEC56817C65E94BFCF6377E0380A9A9493AC0FBBCE62F7FF762A44A2B2EAEF2AEA93A4C51CA11EFECB7152713FF17717195A39F580B07EBE33BA97C76B636190E836AA7BFBD19BC65C2751655B64F8E7AEC2F5B01264983F9B90374BBE133AC17993D2E7ABD6E95A3BF7CF97A35BA8FE3F868A7D3FE1BCEB95495F780FFF3B11FDCF85462AA1BC3308C3D8E8DE8F73867CE9C71799ECFE6797E084044AADC6DB3D9A8AA5EDBED56B51C45AE96AAA8350FB96BCA43080A9BB03C29A4F2F7D9F6D6F4C32D960877B03E0648D371617DA08CD31169E93353B307D6275C3C05BAABFAB57C3A7251441CC7C4451AEC4957F3D63D709C9324CFF36955CDBC67FAF4E9D34D809999197FF6ECD98C275D51667C62B140BFC789A228C9B2ECF9288A5E2C5E9A821080E6E666992BD4350B0BF34C4F877443983C2DD4253EAF998BDD394E88C82EA58C2F2632155F78D7DCBE5D3D875D999D15DB5793A8791A5AFC69DDF786CA344C51063BDB95A22654A43EC1405FBB0EF59E2CCFAA605F06F646A341ABDDA1D3997C968F9BF2861A8E97303F3703C0689CF67676FA2755530F64CD66730E20CFF321B0055813F17D8A05FA3DCE683472DD90302EAD2793F2BD24492ABD7CB3D9A826638356BE1E30EF1734EBEA9ADDCA9C5D3FDFBA5535A1589BFCAD07D34A99B37B1F413A394655C9B27125A37C9A28544F15501BD1173E4151FC64FF6B95F78FC8B9EA492CCF7D82FA4EF8D8B5D36AB5CAA7B74F6EEF44E3A960397AC3308C3D8E8DE8F738799E0BD053D5790029FAF68908870E2DF299D3CF01303D35550D9A7D9EE1FDC482F87EA8E695B7CBBD998CE0A3B859B31D9EC823F36C62355C7ECFF39CAD8D3586C360FDBBB5B1FED446F1A51B65B93C1C8DEA6F568BA79E0B7633CE399AAD07EF22F551999B9FE1EBBFF10A0017DEB9D8FEF14F56DA69500025AAFADF14ABFDEC85175EF8DF7FFDEB5FAF3CB513333E51D888DE300C638F6323FA7DCCAD559BBB6D059EA04043EE643B3CB11F9E54B4068B01EF73729F55D5AA4F5A51B37B9E60A2FAD955C0557D7613AB0320144B3D264F9B07218E237A85A6BEDD6A12458E2C13804855678A6BE8B5DBEDE6D2D2520260F6C5FB0F0BF47B9C999919213414297FD741B321104731CD6222CF39A56CA61D0CC7EAB6078F07174D3A4C955F10D435E1B87E977DF1683828EC0872063B3B0C06DBC5FA4F5E3C92D7AA6AB3BA6CB39C7C15A191342AB551AB55343897C76747FC20CC4C4FF1D24B2F00301C8DF9D9EBBF4444F0DE7747A3F1D70144649CE7F9B1388EDD783CF698D9D9BEC302FD3EA0309A7700AA5A0D379D93AA93140439E4E4FBE31F354FD43561D45B8E7CEBBAFBFAD3449E6595EF4C96A564E9D31B88564F15458EFE569F1B21484ACBCFEF49AB6CEE46A391B058B47D9C9EEA11C7D539C5C0E162B5C5288A7AAADA71CE99C4721F62397AC3308C3D4E74FF558C4F33D3D3D38D24494EAA6A5755B745E4056046045AED365996B3B6B6C1891387585C98D9A5A1FFE8940F12C191324EDA850DB12BF2DE214D93A5C35098A5BB9F2496AF5F6167679BE1A0CF783CAA8CC93E2AF5344C9685A2A73CCB188FC764694A9AA6645916FC72F2BC1AC90BD07009914408906629E374C4381DD34812FADB5B8C8603A2287E6A237C11218A62E238C6FB9C4623E1D4C9E31C3830CF7BEF5F2A2711C47B3F07BCACAA2F5FBD7AF5CF9ECAC9199F182C75B3C789E3589D73B9DEE248A60A793EB1E0AD97F33F9443E57DA85771EE6E067EFFA01D9A87E40FE438F928DC69D2F5D665D86DFD39B9867282B6483395F306224FE45CEF4698500FCB491CD36EB788E398E1685C9F114E44644A559D882477DC91B1A7B140BFC789A248F33C4F9D7383E2A52AE0E779CEB8E89894E79386D6C89DFB713C1A751F9BDDBEF6B7C6C35B553775C5CBDD9E321E36A8DE2DA0DF6A7D5CCE1F0861E2B5BC8EA8B06B10042F131FA05211242278F5BB6F144FD8EFA6C4458E66B381738E46B22B9E3B1169AAEA6D377C637F60817E8F93E7791A45D105EF7D1F4044FE7E6955B0B2B2CAB0F089D958DF605C34BE8EE288387AF4AC5E19D7441CCE2594778EBA6F7C088CBBBB4495960665BBC2341D154F1C8ACF6F7F02B89767BCF7FEB6117BF9FD6E23F7F24627E268462150262EA61DB57085695BE20ABB01CDE86743F2E25CD7D7422D52A3D1A4D96A57F6C449F2F4FA7FCCCE4CF3F9CF3D4FEE3D57AE5CAF3575D719E0452073CE6D9E3973A60170EEDC394FB8F19BD9D91EC702FD1EE7DCB973F92BAFBCB2EC9C2B4B3A87E57B3B3B7D86C3F0637F30A8D238CE097C84403F411017DDD684A39E9FDF4DB8019469903CCF2A83B4BB71B7F44B3DD0D7971F240D240A890B81BEE91AF4E24E35926F442170A73E43BD924938D7E5FE6A71CE39693A9E484063DD5533F024E974DA1C3EBC084096A6C59308A848DB7B7FD439A7AABA313D3D1D019C3E7D5A2E5CB86023FC7D80A96E0CC330F63836A2DFFBE4E3F1F866ABD55A2F7EBE48D0574B9EE773DEFB1EC0C6C6163796C3A8746E6E9AD999479DB3135C91F61026DD0A5521CBCA69022DD224BB47D6DE7B06FD9DAA4B54BDFD1FB591789667B5D1FA6E5FF892DD93A9930AE0D845C4C59FBD13217645EF558948240ACDBD113A71AB7A3D7671C8D94BA8440588BC20D2AB8E5D8EF4A34642475A7C1C6AF5288A68B7C3794F4DF53875EA38003B3B7DB77C732D299ED8DAC3E1F0AB619DA9F53367CEBC73EEDCB9EDA77FB6C6D3C402FD3EE0DCB97363600CF0EAABAF0E44640088AA4E95EBA469C6681472F4F91DF2E10FC3245523B5AF5A0393BB582CA82A799E578665BB5AD5D6D62B5331C170ECC11439AE382787232EAA591D8E4691A28925A2E192E0AD8FD08A9AC515940DCB775B1D40C8DFAB94BD620B0B842822C221FA74D235759C2B8BA0214EE2AADD6096E5E28A0B50D54844168A4D7CABD53289F53EC002FD3E43445455559E9414E4B6BD96EA9ABA4FFDBD76500FDC7AC709D5EA5022E52DE40E879EFCE4645285BBBB99767DED9AD4E8A37C34BADBF132CF3D780DB73BE78A60FCE411EA7EFFB776EED2AA44F96929828C8F170BF4FB0C55CD45242338233CB6EED9D5285E5C68F04D48BD041F9B492392FB9C1B799A921556C0699AD646EE93544F2411E242E88E5D4C548C625D311A2FCFA71CC50BB26B392AA6A69C0851D930441C918BAA117C5C6BEABDFBE650B35A8E765B2500E49967E3C63A59F1F3C58D15B2DCD368243C77FA24070F2EF034481A09279F390AC0D56BCB5CBBBE0C698A884422F23280F7FEBDE170781ED8782A27657C6C58A0DF6714C13D27A46EF4F18CE8261DA61057B50654298CD21EB4E049953CCBAAD44D9665352DFD44399334922AFDD296168DA2062822222A027AE426CB10D23477A2729D94DD6E9E750FA03B15158814FAFA62FDBC5829CF73FA9BDB0C0AA9EAF977DE6194A6B43B2D160FCC3FBD401FC7D5B1FA8361753D45D1D4F300CEB951A3D1683E9513323E564C75631886B1C7B111BDF1D10909E1B0AC4A9E15AA19F5A1AFEA7DEA71D274547D1F8E870C8A22AE7244EE9CA31BB7AB89D346944C2657BD4031F1597A624299BA29AB5B6557BE7A32D0AFBD5EFD33A98ABDEF653BA9B25251A1C64184A96E875633A8702E5DBAC6E6CE0EAD7693E9A91EEBAB214BF2B9CF3FCF54D18CFD4910C731470E1F0082A22A8ACA2717110A574B55BDE69CB318B00FB05FB2F118A84A61439AC697BEF67ADF200F137FF93CCB82A95891BA69BA06E284481CBDA44337092DFA22A2AA11B9CF3DDEDF7E8C5B9BAAD453342E72BBD67B14AAEDCA26DD4CF6DF6A346814A666EBEB1BAC6E6ED16C34B874E91A5A289A4E3E7BFC8906FA2872CCCC4C03D0EDB4EB6A2101668A6BE8655966AA9B7D80A56E0CC330F63836A2DF67A8EA081888882BD43740D149A9B040D03B8C90EFBD531FC4931367B087DA7C65F94638873C27F242270E23F7D9E6349138448476D4AC2660D53319C58BE0A249FA6532D2963BAA656E5D7E5CD475F6711C5713C72F3E7B8AADFE00AFCAC6DA26CB2BA128EDCCCB2FD09BEA029024495588F5B850558A26E1BB3A6415EF6D158B3B711C9B05C23EC002FDFE23054685FAA2FA4F1E2C81435AC1DFE641F3003CCA36051B6B21F809D020AAAA52E79B335570AF8BEFB33CAF7E74E26A9923A974EA4F5B1F3E399E10C793637FF6C40986E331FDE190BF7AF31CEF5C0E5DFCD636B6385414A8859BC3630EF440961529B1DD95C32A226525EC304DD3C726B1353EB958EAC6300C638F6323FA7D86AA6E88C84DC24DFE58F97A9A660C0641FD52A6709E14A3D1989595B52AB530938449381B80380000200049444154490192BA163E9A385FD61B6CA8D69B7BD4D3449F8C2ACFFAC3C4D1838B6459CEF660C0FCC50FB9BE1A9E5E2E5DBA8AF71E27C2A953C7395C28641E17EAB5B2B4C8D28937908685AD709ED28FA2C846F4FB000BF4FB8F0DE0A6AA46C0B04C398CC729C36111E8D3279BB61D8DC65CBD7A839D9D3E005F3E7A0208613A9668229D74D124F71DB99ABFFAED46679F14EA1DB5008E1E08B6C19B3B7D16A6A7E875C2FCC3A50FAF56B2C7D9D9E9C71FE8D557FD05B234ABCF9BD4533783388E2DD0EF032C75631886B1C7B111FD3E4355378155118945A46A4292A62983A209493989F7988F5B8DBEB777FA9C7FFB3D6EDE0C698C2F1F0E237A4490C855E99ABA0D81935BC7249FAC91FCDD281BA12771C481B9594E1E3E04C0E6C6166B1B9BC471CC8B2F6E5713E1B7EAFF1F15EF3D5B5B3B000C86C35DB506AA5A8DE8B327F1CB363E7158A0DF6788C89A73EEBAF73E2EEC8A01188DC7552AA52C587ADC94C16C6363939FFDEC977C70F13200FFC9B7BE5D9C5C612E5628505CE4EE12F4F4B136307F92041590D048628E1D3850DDB0FEDF9F9CE5C6DA3A4912F3D5AFBC5C59434777BDE68723CB3DEB1B9B006CEF0C2A25958828B009A0AAFDF1786CA99B7D80A56E0CC330F63836A2DF7FACE779DE0412551D50E440D6D636B97CE53A00274E1C653C4E05C2A8FAA3340A2F51A54A250C8723E2C8D16C04EF9AD292C08904FBE16244DB1F0C51943CF7AC6E6ED11F840790D96E97240E13B5CD4642237ED46E58F727CD3286E314D560B570F566D1043C89999B9EAEAC0ECA49D6DB0886F938E7E875DACC4F075B82A4D80E85D5D5752E164F37070E2C30FD88D60879EEC9F31C45190E867AE56A28445B5BDB20CFF2F231C1035701547525CFF327F3F8667CA2B040BFCFC8F3FCDD46A3715D551BAA7AB3F4A47FE79D8B7CF8E11501387860514E3F7F128066B3417CB720F610A87A2E5DBE06C0EACA3AAD46A30A7ACDC2000C821957A9AEB9BEBA4A96E5F487437EF4E62F79F7522836FADDA52F71706E1611E1C8E202F3D34F2ED00F4663AEDE5C21CD32C669CA3FFFF3BF0460717686DFF8E28BD5357CE699E377DC5E8A02AE5842EAE6E0EC1C007FF6DA4F828C5495B7CEBFC7767113FCDDDFFDDA2307FA34CBD8D9E9A3AADC585EE5873F7A1DA0E8DA5549667355FD3180F77E6B7B7BBBFF4807333E5558EAC6300C638F6323FA7DC67038DC1291B1AA369224F940557F0990E7F9B1D15867012E5FB9C69BBF380FC0B1A38778EED942E7FE111421DE2B652A616B739B76A3C1DC54AFDA6FFD7BC9FAE636A374CC603862657D83D58D60F17B736D1D51C539C76CAF07D3533C2946E331AB1B1B0C4763C659C66A31C1E99CB0BAB1F5C0E21F214CB486F205387E28E8E615C8D38C8B97AE02F0FEFB97488AC9E8B9B91966E766EEB9DF7ADBC2F5B50DDEBF78993CCB59BEB94A5EB8827AAF4355368BEE62DBDEFB15802CCB86333333F9A54B971EFC03313E9558A0DF67BCF5D65BAB00A74F9F4EA6A6A67E2E223D80719AFE1E297300E7DF7A57363682EFD5D7BEFA32A74E86025A11D9DD79E921F0DE73FEAD7701701EA6DB1D665B212534B110DE7D23B972F326FDC190C168C4A51BCB5CBABE0CC00757AFB1DDEF1345118716E61FE97C1E94FE70C487D797D9EEF749B39C2BCB370118A729976F2C5792D4BB2113937BE238222A52392F3E7B8AA38B0B64B9E787BF38C7AFDEBF08C054B7C3D67AF8ECBFF0D2E7EE1BE8BDF78CC721CD7EE5EA757EF4DAEB3A1A8DD9DEEE93A659F961EEA8EA7BAA3A04B65F7FFDF50F8BD79590B337F63896BAD97F78C05FB870210752111989C8A8785D00C9B29CD168CC68340E55958F0145C9B29C2CCBC97D8E73E1A6116C0EEEFCA4E0BD27F7BE98642C96BD27CBF3E2F5FC8957C62A4AEE8BE355DFFD6D3F3F08F57685491CD148121A498C6AC8AFA759469AA6D55729B97C50F222E88FC769652F01A0AA1EC80AB7D28CD04A32C782FCBEC146F4FB1705D6BDF7970144644B44C60059964583C13002585BDFE4723189DAED76989909691291FB3B2EFA22482B4A3ACE28E7FDDA49C2FC7487D67DD432539D0E711402E2E2EC0C3B85EA667E669AD9A91E917334932737110B411D33D3ED124711599673606E1680859969667B3DA6BBDD47DA6FBBD90C37ACDC33D3EB5669AC2CCD585D0B29AAABD796E9748B662B714492944DD7B5BAB9645946BF1F9E2AAE5D5B667B7BA7B0B3187B600C2022EBC087DEFB1DC0265FF7219F0C1728E3E3428A2F5E7DF5D5FF5E44FE61F1FA343005303DDD6371212845BEB2F445BEF5377F0B8056ABC9FCFCEC3D773E188CD8D8DC0A0DB3FB43FEF3FFE2BF03E0D96347F8C77FF0FB9C3874108063470EDD71FBE1688412D2241F5CBECACA7A0880CF1E3D42AF1D02603349AA00F824C8B29C519AA2AA6479CE9B1742FAA9DB6E71F2C8613AAD60A9DCAE29871E84F0341224916FBCFD0EEF15F6C53F78F317BC7B39E4EB1BB56B5B5C98E3E8D1F0790D0623B68BE2B69D9D3ED7AEDFACF65B7BC219006F17CBDFF7DEFF9356AB756D3018F8D75F7F7DFD213F06E3538EA56E0CC330F63896BA3114A0289EDA04109156F9669EE50C06213570F5DA0D7EFEE6AF0198999EE2D4A9A01D6FB59A4CF5BA959570996FDFD9D9E1E28757180D478CC7290BB36162716E6A8A4EAB45B371EF51B08B2250258963A67B931449ABD108B97D263AF527853829D432E1BA168A3EAC655FD8E8918F1F3E2BE7844EABC96C91BAE9B53B749A4D6032AF01A178AC4CE98CC76965415C7E0750D55455C70487CA35E0FBC55BE7E238DEDADCDC1C4751F4E9F08E301E2B16E8F737D57F7A11591791B262B223220B1002C9FA7A9014BEF1E679DE7E27A8438E1E39C86F7EFD55000E1D3AC0F3CF9D208EE36AA21160F9E62AAFFDF8E7940A9EE78E1F0DDB1E5864767A8AA96EE79E2797140A9F388A38BCB8C881B9904212D5EACC9F7423292752ABBCD5EA1A4484388A708F7802934E588EF999E94A7974707E96954246BAB9D367BB9897585BDB6073ABF4229BC46A9F4FCCE254752422ABC5E4EBBBDEFB7F0210C7F1D6DADADA8D0B172E5815EC3EC502BD0140D156302D962B3586575FE9B1FBFD0183C2B3BED369579380E3D118EFCB80A34008D06996B3BDDD676B6B07010EF4C2446EB39110178A9BFB9C53B5DC4862B4B88164E3F4A9F9D0D71B9E80D0BACF53C8C3EC17C2A715C751650791C4716539E164D26025CBF3D042118A2781D29B5FEBFB2CD5351E18B65AAD6B009B9B9BE322C89BCA669F6281DEB827917313B5872A796177EBBDAFD206C3E1887E7F508CE8214DD2EAF5BC50963827952F4C1245779453EE656EBD318DD30CAF1E5565301A5537D034CBAA02A85D419C9A9D4214550E9F799E331E67E5FA0AF8E2A6ED07838107B0748D6181DEB8279FFDCC09BEFE951701387FE1123FFD7910725CB9729DFFE57FFB13A06CCA3DB1D78DA349019493F07ABBD9E4BFFC0FFF83E2FD886EB71B72F0FB0855AD922EFFD39FFE4BDEBB7C15AFCA8DD535D6B7B6EEB9EDCC4C8F038B41E5F4DCA9239CF9FC29002EBC7B993FFD973F2857DB063E2068E52F9ABAC62831D58D6118C61EC746F4C63D7135DB8399E92ECF1C0F5AEE9DFE906BD74387A8E0B73299142C530F88A012D20EB9CF191755B62193BFBFB2090A8CB3ACCAB30F8623FAC361D0E7DFA5197B1C475551DACC7497C307C364F454EFDE93D886712B16E88D7B12C511AD5698807CEED4119E3D7918804B5796F9FE5FBF09C07094B2B333A8DAD5793FC9BF974BCE095BFD50E4D36A36999EEAEDAB3CBD7ACFF64E9F9DC21BE7C6DA1AD757D7A028C4BA139D768BA9A95018F6DCA923BCF2D2E9E29DFDF3B9198F070BF4C63D09466621C3D76C36E8B683C67BA73FAC2669D32CDFD5D9AF3E89582E951E35613978D4ECA3388F129433E553CD683C66341EDF739B389E3467E9765BCCCF050DFF7034A63F183DD1F335F61696A3370CC3D8E3D888DE00A0B4B00528CDCD2054616E6E86EE4773B38ED65CD0C2BFF8B993BCF8B9D085EADAF5552EBC73992CCFD9D8DCE12F8B94CE1D8E72CBF7873ABFFB6AE7EBEFFB5BA489A5EEFC5EDBFA9A0BE5A3DA31DF0B5F3BC6DD2EE5E52F3CCF8963C1ABFEB9534778E6C4ED3E40FDC1B0FA9D94B50C002292A9EA8EAAA698799951C346F48661187B1C1BD11B2599AA9689DFBC9C28CD73CFB0288C2A7D576E45448862176A62EF3112F655A9FE633BE75DF48723C6850FFBB8E8F10A41B75F35E3AEA1B74E84162796C4318B73F776E67C68B4786AB8CFC5973EFD70771F9FFAEF24DDFD3BC90BAF9B314595B36180057A63C2BA73EE6AB15CCA3BD8DE1970F96AB0C16D2409C78E2EDEB661D288999AEA568D42EE48D15C03C2A4E49390575EF8F012976E842E54976FDC0CAA1660BAD3616E66D26EB0F4A7198EC655A15254DC0C4442E3EF7FF4EDBFF958CF4D5132EFABCFE06E69A876BBC5CC4C30706BDEC5FAB8FE3B595DDDACBF3510916B2232F2DEDFBCE3C6C6BEC402BD51326692D7AD4683699AB1B313F2C0A3F19D07899173341A31DE2B4972FF11BDAF99923D4E36B677B8B612B4FDEF5DB9CAC5ABD701989B9EE2507FAE5ACF49C858F607436EAC859B411247341B0D4484C1E8DE6A9847A53EA2BFDB8D2E8E1D8D426953AA9D6E25CDF2EA7732DC7DAE19E1773872CE0D1ED3691B7B00CBD11B8661EC716C446F009065D98F9324B900A0AA07456409E0E6CA46B4B1B91303F4FB2350158099992ECF9D0A96BDCD66C2FCEC7451E579E73CBE57E572D1587B7E7A9A63070F3CF66BF8D2674FF3C2A913007C70F53A976E84E36D6EEF54D6BFB9F7D5391E989BE5F3CF06E5D0E2DC0C270E1F228E1CCD64923249B38CC17084F71E1161AAE68B2F220F5CBAE4BD67636B9B6B3757002A3DFDADF4BA6D160ABD7CBBD5AC5EBF71739DCB57C2F5BCFDEE25DE38F7AE86FD6A4E18C903BCADAA7F2222DB457F01C3002CD01B0549920CA328DA06C8F37C4C915CC973AFAA65914F5AA56FD27412D0435195A02AF76CC45136BB0E7D641F3FCD4652A53B7AED36539D4E75DEA5BCD2AB5615B951E4AA60DA6DB799E985DEB0716D4239A45B7CD8EE23CE22D7E730EE96A377B502B57AE5709EFBEAB31F8FD2BA63254C1261A988EC4451B49DA6A95554191516E80D001A8D861F8FC739846E5322B251BCD551D51820CF72190E279D8D46A31078B23CAF82D2DD6D0DB452C1A479F6C4FCE4CBA3475144A3A8DC6D351B556FD7BCE6EB5EEF72D588639C733891AA290814D6CC7908D02252E9E0ABD1FC0396F7AA4296FBEA33B8DBF58B13EA8AA7F2331E8DC6949F7D9AE5AA931DA440F9BBEAAB6A96E7791EC7B179CF1B1516E80D00969797773A9DCE08208EE31FAA6A0220225F52D5DF06B87973DDBDFE8B4C000E2CCC54DB4E4FF738746016E78476AB59197195411220F7CA3B172F036102F1A5CF9CE661B95FA2248EE34A9A786861BE6A3F384ED36A8255BDAFBA6FC4515435F56E351A74DBADC25A79729C519AB2B2B1499A6588B8AAF14814399A8D06D10306FADCE75C5F5DE5DDA209F86034197047D1C4E2B9D56CD06987632CAF6C54AA9A0F2F2FF3F6BB61DB9D7E5F8B2E52001FAAEAFF03A0AA3F4B92E4FA70381C76BB5D0BF44685057A03800B172E8C8011C0ABAFBEFA8E73AE4C10CFAAEA3700367706BAB91352BFA3515AF9A33BE7387A649E248E499249E728EF3DDE7B5441D5570A9776BB795723AFBB21C87D259951ADFA75A6D765A6964F7F54B23C6767306494A638914A1EE935A2913CF85389F7CAE64E9FE5A2EF6B5DFF2E3587D0388E2AD54DBF3FE2DA8DF0995DB9B6C2A5CB37EABB2C0FBEEA9C7B0D4055DFCBF37CF38D37DE300DBDB10B53DD188661EC716C446FDC469665EF00D70044E49273EE67C5F26F89C81F016C6CEEC43FFEE9F916C0C91307F1DE932431FDC188175F084A968D8D6D2E5D59663CCEF05EB978F51A1046B7BF7AF73DD636435AE28B9F79FEFE2725DC577BFFCE8797595E0F23E64BD76F707565E581AFB9DD6C32D5EDE244989DEAF1FB5FFB3200539D0EA79F39867A0509EB159FC5AE2788BBF1F6C54BA459C6767FC03B97AEF0FE95F0190C0BE74A11E1C8E105168B54D86038E6D76F8506ECBFF8F5FBBCF5F62500466126B6CCF7FC00F81700AA7A394DD3EF87754683F3E7CFDF59CE63EC6B2CD01BB7F1C61B6FEC003B002FBFFC72C2E4C9EF99A21F29E3712AE342053233DD65737B40238949B39C99E9903249D3AC2A4E82605100D01F0CD8DCDEA926481F98FBA4C3B707435637C2CDE3D28D65DEBB72F5DE1BD4E8B5DBCCCF4CE39CDB651F9CC4F11DED131E94EDFE80519AB2DD1FB0DD1FD01F0E77BD2F40BBD5A83EB33CF76C6D87F4D8C6C60E6BEB558BC1B2172CC00D117903603C1EDF7CE38D3776E5740CE3562CD01BF7C439A7BE909AC4719C33A99AADC2AEAAE2734FEE3C5AA853A010A4DC21382BBACB9FBEAC162D577DD4862422936D9DC843ED478A9EB722823CC048FD6E6855F91AC87C50F9941EFCB71F98EAB8E5F6E504F62DEB7B8ACF5E55B3F2771245914DBA1AF7C502BD714FF23CDF48D3F41D802449FE1A2867389F03FE10607D639B5FBF7D51A3C8D1E9B478E9C5E704C2E4E8C50F972BCD7D5E04F68DED1D5EFBC52FE9B442F7A4CF3F778A72FD5EA75335DBB895FBA96E667ADDEAE6311C8FEE6A0A7627BAED36F3D35338E798EE3EFA246EEE3DDBFD01E362D2F6073FFF05DBFD3E6996B15C4C46035533F528722C2ECC70AAB0237EE7FD2BBA7C33F4F4BEB9B251BF80F3C0F70144E4C7DEFB7700B22CB3C228E3BE58A037EE493D8DF3EAABAF9E73CE2500AADA17913F04D8DE19925EB98988B0B830C3A1A2B7E9D676BF50E1B862A41AF6D91F0C39FFDEC5AA8869636B1B80248969359B34B973A0BF1FDD56AB1A05F787C3BB1BACDD69DB769BB9A91ECE393AB58AD487C57B4F7F38ACD254BF7CF73DD6B7B651D55D4A1BE704E71C51E4989EEA549FD91BBF7C8F8B978231DB68B78FCD25E07B615B77E1273FF9C995473E4963DF61AA1BC3308C3D8E8DE88D07666767E77AA7D3F93184CA53557D0DC07BBF381EA7CF00D1FAC636AFFDF4D700A8575E7CE164A80ACD72FEFAB573E175823EBD1CE2FF1FFFF6CF81E032F99B5FFA22270E1F0460BAD77B20654B49AFD3A15514402571CCE26C50B2BC7DF112AF9FBF00ECEE5D7B68618E575FF81C0033DD0E07E66671CEEDB2407850D636C3A4E9C6F6363F7CF397955DF2C6F64EE56B53F7A27FF18593CC4CF780A0B4293FB36BD757AA91BCF77A09B802A0AA3FF1DEFF0460341AEDF226368CFB6181DE7860CE9F3FBF056C01BCF2CA2B079C73EF4398344CD3ECB888C483C1900F2E067BE0F9F9699E3B758456B3C1789CF2C31FFFB2DA573DADF2B35FBF05C0C1F9393EF3CC09168A003D756BAE5C6ADFEF30AF1982FC24D09795B1EF5DBE5AD917A75956E5CF5BCD06B35321D8CEF67A2CCECEDED51AF87E9495AEEB5BDBBC7DF1126F5DFCB0787D5CA593EA93AE470E2D70F8D03CDE7BDE7DFF2AD7AE87F3DBDCDC919A31DC1AF041B1EDFB3FFDE94F3F78A49333F63D96BA310CC3D8E3D888DE7824C6E3F18D66B3F9AF8A1F7F43444EAB6A3BCB72B7B2BAD904180C460CFA23E2D8917BADD434DE7BD26C22372C47C3AB1B9BFCE817E72AFDFB1F7FF31B95FF4C12C5B594CAFDABA7E228AA46CF470F2CF2EAE73F0B1423FA229572ECE0228B33C112B8D56A3EA83F19109E48D234C5FB701EFFE6873F06606730E0EACD95AA21485D2219C751958A7AEFFDAB5CBFB18A2AACAE6DB1B51D7ABE8C82EB59692EF72BE7DCBF2E967FFDE0676718BBB1406F3C126B6B6B370F1E3CF83D00119912913F1011F15EA3F58DED26C0C6E60ECB2B1B55C06D3743A0CFF29C3CCFC98B1858DAEF66F916AFFFFAEDCA51F2775E7DB9D2C3BBF6C3E5CEA328DA6570F6C5D3CF01A188AB74909C9F9966BE08F40FABBB57EF198ED34A32FAFDD7DFACAE6DBB3FA88E51220249E4480A47CD8B976EE0552BDDBC9FA4B23226B50A6F7BEFFF02607B7B7BFD814FCE306EC152378661187B1C1BD11B8FC4952B57D283070F96A3CC9F03FF54445AC08CAAFE1E80AA76F23C5F107131C070944640D5C8E356BC5786A371A537FFCB9FFE9C6E3B78C67FF133CF4FBA5279FFC09D9D20D81B1C3B109A9AE7DE5795A7ED56B3D2F23FC8FE54955131525FDBDCE2CDB7DF6573670708299BF21AF23B3873AA06C7CABC48F56479EE4134BCC32AC52437F053E0228088FCF570385C05D8DEDE1EDEB653C378402CD01B8F4AFAFAEBAFAF032C2D2DFD5C55AF8848E4BD3F262227015475D17B7A903B803CCFEF997B51D5CAEC0B42A08FE388A94E87D9A95EA5C66944D103FBC003F43A6D7A9DF6435FE09D28CFEFE6FA06AF9DFB15578BD6803B83FBC7E17003AB6E021E5055F52272834246E9BDFF17A5EDF07038BC71EEDCB9D5C772E2C6BEC652378661187B1C1BD11B1F99959595D1C2C2C2FA783C76CE39EF9CFBE7C55BD3AA7A0468888853D543C5EB0E486432FBF9EFD576E7283229DB8301CE39D22CE71717DE63AB1FD2232F9F7E8ED942231FD7265D9F045581952A699EF3839FFF02809B1B1B2CAFADB1D5EFEF5ABF18A1E784113BAAFA572232D440563A508AC88AAA8EC32A7A5544568BF57F95A6E92A40ABD5B2748DF15878349B40C3780096969692B5B5B54EB7DB75A3D1289A9E9E7E05C07B1FA96A5744620011F9A7C526A2AAB188EC7AD28C9C636E7A8A6E3BA45FFEE3BFF3873C7BEC0810FCE19BC9A379E33C08699631188EF0AA0C4623FEDBFFF17F068252687573ABEA385523078604F50C799EFF57CEB915EFBD8FA2A82F226380C16070DE39B7B5B5B5A5711C0F8A0E5F86F144B0D48D6118C61EC75237C613E3ECD9B3FEE8D1A369AFD7131171799EDF0070CE45AADAF4DE3B80288ACA14852B46F3BB0620AACA384D2B9DFBDB172FB1D5EF23221C5D5C607E3A68E13BADD65D2D8E1F863CCFAB34D1E6CE0E57965718A729E334AB5C29B32CC3EB5DDD312B2DBC73EEAAF7FE46B80C1D79EF3380344DFBAD566B3C3D3D4D9224E6296F3C512C75637CEC2C2D2DBD0FA0AA8988CC01F794C8F4DAEDAACAF4775E7D992F3C1F8AA19E3D7A84C5B9998F7C3EFDE188F31F84767EEF7C78997FF7D3D7D9DCE9E3552B4BE57B90AAEA9A880C00D234FDC61B6FBC71E9239F94617C042C75631886B1C7B1D48DF189A5992438119430295A3A5EA679489B38E7F8E0EAF5AA006A7D6B9BF9D990C669D47ABD46912389C272BD4CCB7B4F9687C9D42CCFC9B21CD5E0BDF3EBF7C388FEC6EA1ADBFD21E3718AD6B616119238AA7AE2D6F5FF86F149C302BDF189A5DB6E133987D7D09EAF0CF4A3711A728E026F5E788773EFBE0FC0F14307989B9A0260BADBA98AA4DA8D46A5D88149B04FB38CEDA2A275381AB3DD1FA0AAF487C32AD0E7DE9365D96DFD5E23E7E8B45A95FF8E057AE3938C057AE3138B93D0724FFDED86635AFC53AF361D8EC60C9B21E0369298466120163947A326832C437698600D9606A33465381E57D5B9F5C07DC7A6DE8451BD7BC446E686F134B1406F3C3596969612808D8D0D174551A3D7EB9573441140A1B8A9226792C4C42E42098551A5C3E3C6F64EA55FAF7BE6A45956591E073BE0F0DE689CEE72932CB7C8B29CFE30087E46694A7F38AC02FDAE6621C5364E84B942E1E39C9044D11D037D711D11401CC7534B4B4B33711CEBE5CB97D39999991CE0DCB97329F7F35A368CC784057AE36921DEFBA3005353535DE0A48874005475AA58C751FB9B3C343F4FB3D1A011C73C7FE21807E76701F893EF7D9F2BCB370B93B18CAC08FA3756D7B8B1BAF6D84F3C2ABCED1B49CC3FFAF6EF01B0DD1FF0C1D56BD58DE5D2F2CD727547500D953ACFDF1691953CCFD3C3870F7F9865D91AC0A953A7AEBDFFFEFB56F96A3C154C75631886B1C7B111BDF1C07CF39BDF8CDF7AEBAD0640A7D389676666BA00DEFB8673AEADAAE29C8BB22C9B0610915844DACE39A7AA4E558F16BB6A8AC841556D143F97A35FA196BA19A52985AB2F9D56938599A0917FE1E4332CCECCA0AADC5CDF60632768DBD334232BD23B59965793B7C19AF876EBE0E21C81901A4AE2181170CED1693681D05776A6DB0BCA9D38AE9E2AE228E2BD2BBE1AD197A8AA8848545E87887C4955375535079E77CEED002C2C2CDC585C5C1CE5798EAA0E8071B1FE4E69939065D9308AA211C06030186D6E6E0E008E1C39929E3D7B76776713C3B80716E88D07667979B975E0C08119803CCFA755F599E2AD3911390244AADA76CE7D064044A68123AA9A841F6511423004E2E23B40AB7698CAEB6CAB3F208EC628CADCCC34CF1D3F060435CE703CC67BCF2FDE79970FAE5C03607D7B9BC1304CA2EE0C07EC1455ACA3F1986111F46F9D582D8F55360A7722349284630782F7FDE2DC0C9F39718C56A381738ECF3E7302800FAE5DE7C7E77EC5E6F6CEAD1F93D46E6088C83F2C8CCE5455731129AB60D7553515111591AB044F7A54F512A1293851145D8BE37819A0D56AAD341A8DABC5B65BC0C6DD7E4F86712B16E88D0766341AB946A31103445194005D08AD045575564462EF7D5B444A97CA59553D2E224DC20877BE589FFAF7BB917B8F88E0BD278E225ACD103F67A77A41579FE74C753AB45B61F43D188D2A4DFD289DF467AD4F988AC8AE605F9E83131726575D18B997FBECB5DBCC4E4DD169351191EAF566928436807EB77B417197AA5FD8E25DAE778A6095E08B6DCAA79A416DBDBEAAF68BCF7B9BE2FFEB70387C72769DC69EC402FDFEA31E6DDCD2D29283A084C9B24C001616165C9AA60290E7B98C462307D0E974A6CBB44C144553CEB90E80887454B5054422D254D5F2EF2A2A9534454AE3214F34C82ACBAFEA7529D43045506E14EE95AD46A36AD69DE5936E4E6E57ECD56A1D11A92C8E3BAD26AD6613E784669254D2CC248E899C0B524AB7FBFCC3793DD425EDBEBCE24B55238AFF8B22D2009AC5721B2827AC7B799E4F012449C2E9D3A73380288AB4D96CFAE2755D5959F100711CEBCCCC8C07387BF6AC52D82613943EA6F6D9679808789FF1D24B2F1D4C92A4E5BD17EFFD89288A0E166F9D74CE95A99563C0E1E2F583C089E2F59688F49ED6B97EE1F4F3341B09BD4E9B3FFA9DDFE2E5CF9E06202DE58F4573EDFB91FB49F3EDE1684CBFC8AB2771CC545154E5447045407F103EBC7E83FFFB2FFE8A6B2BA101D4EBE72F3CF4F57D0486C00E80AAAE8BC83BC5EB2BAAFA61E179DF17915F01E479BEEEBDFF5044C6699AFA73E7CE5D7C9A276B7CFC98EAC6300C638F63A99B4F3967CE9CE901B45AAD28CBB25E6D22B01BC7B15355F1DE3793A4EACEB1E8BD6F8A8838E70E8AC86CF1FA61601A40550F50E4D3819E882400859AE49E040F989AC74C1CFC6A1068372773AEE2A47A9CBC7CFDC61DF71545AEF8DA5D98244E8A0484807AD4DF7B542F4CF2E35114D128CE2F2EF4F170FFF982DBF72944CE55F30077E3D0FCE56F2C4800002000494441545C951E52D5CA2F67344E8B1492926619595EAA85B23B364EAF53A4C1CADF674B55E78AE5A8B80EAFAA238A819C736E5B448EA86AD66C36FD97BFFCE5F2092DFBFFDB3BB31E39AE2CBFFFEF8D35F7DAB216B24816258A4591A244A9A46E4933E3B607D3C218B00DC3188CD133E30FE01703FE367E30FCE0A701E48779F04C0F60C3D3F674B7BA7B44912245362971EDAA6291B567566EB1DC7BFD706FDC882A5671539145B2CF0FE856323232323232EBDC13FFB3092122CE7926F76C018010420C06834E9AA609005CBF7EBD03927B5E69C8D0BFE28461386D1E961DC7798B31360A004AA993D0E3FA5CC77126955275B3DF10001F008CB170CDFE3E729DD86E37FFCD168FC75A43CE39EA55ADEE944B2186EB75B88E03CE19A627B51AC43833A98CFA707FFD3F7FBAEBB102CF43E0FB083CCFE8E47ABBE338D660CA14B62FFCA35A1564C3C403DFB30B116378ACA1DE0BC675764EE0FB8FDC6FEECC2954C2121414841056425A5EDFC0204EA094C2E6D6163AA6FFFD56AF87287E6CE6A40753790B9DAA5A0300A5942864F24868890726B533DBAE94522BE6B53DCEF903C6D80000A49457CDFEDD300CBF9352AE03C0DCDCDC7794CEF96A4386FE15C704EC20A5AC001843AEAD1FCF02A38CB123C83DF446C11B2C1E679FCE47B72E0000DFF7512997E0B92E3867181DD6370F9C31789E0BFE1823CBB9F69A39DF1EF4D477033A7BA618A87D94A1CF701883B30F822583FE1C8F5B2886EB35D42B1528A53DF7CCD0F7A308AE1BDB11859971E7ECF127571CCE62C63166C1DBBDF6B78F4DAAE7A479BC059DFDD3374F6F98FDB7002CC32C1483C1806279AF38A4D1130441BCE69047FF6AE07CF0C1079F0280526A8631F613C6D8B4F9F759E0616FEE59B5670028954A084D5BDFC160807EAFF7D03E87C69BF883B9F70100C78F4C63EE9DD3F03D0F9CB36D2D81774529A03086EFD75F5D04A047F8750703DBB0ECAFFED59F62B85E0367CCB61C06B43E9E7D36E6729856F34893C47ACC4A3EDFE97CCDE121FC9B7FFE47B6E2766159AB219C73944BA18D03FCCB4F7F605B27339D17FAC8E346718CD41CF3C2B56F71E5E61D00C0CD85457C73E3F643FBFBBE8F7A5D570C47D100DD6E57C702F6BEBBE10046CDE3510033D9734AA9CF8AFB66775C61187E37373797006803F81F8CB1F30090A6E9C58B172F6E3EF203112F05E4D1130441BCE69047FF92625AFA96078381E3388E2BA53C0A009CF329E88AD4E051AF770A19258EE3809BCC0FD7756D0191E3E6D5A38E9B6BE6A5520981E9F5B2BEBE8E413F6BB2987B8A4A29248969152CA5CE43674C6BCCBB7893AAF0FF3A6326AFDB19AE6B8F374E520C4C5F7800D8EA76C11883EBF0270A7C6E2B60DA5101BBDF0821D1EDF51199F6C75985ACE370544B212A61969FCF0BE791353CDEF5ECCD69E7310729956DAF9C55FC66FB64DF55B95CC6D4D41400208E63F47A5D48E3D127E63A4AA920443E3C2531C794A60750B63D2DF4ECDF81674E3004D014421C31DB17CF9C39C339E7AADFEFF76EDCB811ED7500E2602143FF9292A6E9B8E338EF074150514A058CB1FF649ECA5A0C848F7A7DAD5ED7814CC7C150A38152B90C00186B361104211880A1E121542A3A436678641865B38FE7F9F07C1DAFFDE217BFC4DFFFDDDF99734AAC91889314EB2DDD6E653088E0BB2E42638873C3A6C0546EDC952A146716A4953FF9F82300C07AAB8D7FF8A7AFB0B6A98FFBE5956B088300A5C0C747EFBC8D5AA5FCD0E72C2A218EC36DF5AA1002523C3A1BE7FBD0E9F771F9C64D6C9861E1D9E2540A029C7DF30D1C9BD231F1AC55823E0FB95D4A63C507CA7C06C7A6630EE218ABE61A77FB7DFB32CFF31086FAEB3F393B8B7FFF93BF00A00D75140DA014902431964DDA6ABFDF47ABB5096182C14B4BBA654E1445D8DCDCB4DFE9DAEAAA39CF87AED7B839C15429F5EF38E73F36FBFDB5EFFBF34A29D16834BE027073E70B89970332F42F298EE394004C31C61AA622F55CE1E96D033A76C3F33CB8AE0BC77150ADD550333AF1C4F8044AE532186368369B680CE94C98F18971D4CD500DD7D5AF0580DBB76E5BC353EC0029A544648C9B10029CEB9C7755F0D461AA57F3C7327F5C30F44726C7CD39BBF03CD76AD4CBEB1BF03D0F95528841F4F8517DDBBD61B97D15D867639FA429D65A6DAC6C68893AF3B83963186D34303DAE9BA271CEED5B33B6DD88DA4A82C269F2C2671052DACFAD2769C11E332B8B680C0DE1EDD3A70168431F9BEF248A2254ABFA3BEF743A585D59466AFA03F5CD1D5ABFDF4314450F653FEDEC0704D38601FA8BAD211BF0A5D4AFCD354FA594DF3EE9B5235E3CA4D1130441BCE69047FF12313B3B5BAB542A7F00008CB10F01FC07E8EE874C296517E5E2EDFFB9F775E64BAD56C37BE7DEC7A4294A3A3C3DADBD7293EBCD8CD7E63A8E7DAC73D44D87C7C27600B6DAB4D96CE2DD73EF010096EEDDC3ED5BB70000ED4E0797BFFD0E003052AFA2D3DA808C4370C610789996AE9EA89CB251D3F251E0FBF8F3CFFE182D2387FC97CFFF06AD4E076110204A127C7343BFF78F3E3C87E6F0F043D7A288E3B8E05CBFBB1002626FFDF9B1586D3B4DF1B73FFF02809699BEBAF61D36CDB9FEE7BFFC7300BADDF1F478D3CA4CC58ADE9D92C86E92523F8A109B739DBFBF8CEB77E6F56790B9473F3E3E8193A74E01008EBF7902C21C863B8E9574C23044D578FA524A48216C9C2435B115DD7D53D83B8EC5850500C056BB8D8B172FE0BE91782E5FBA64EF14601AD40100E7FC2FA13B70268CB1431F7CF0C1140008212E7FFDF5D78B8FBAA6C48B850CFD4B44B55AE58CB10AA0BB159AD6BF238F4A91CC82A6A55209434343181D1B03008C8D8DC1F51EAA8BDA93A2C929CA1E8EE3D8F7C8E41C4057A36681425D0824A0A484648F0A38EE4E1610F65C07D572C91AC7244D4D211143B73F40C7E8D4C5C0E43676483536C5F4E1A79E09A514BA46F6E80E0618C4B10DC60E99C5CA73B5FCF4AC15B7B2D0802D4D854D352D2E0A8EEB223006DDDBF61DB36DAD2532C9ED4989CCFC5CCF7551A954ECA251F8FDEDEC409AB5CC8801D438E7D96F97ECCA4B067D212F070C001CC7710BD399CA26E7791B99E1CDB268AA59BB814A059EEFE77FDC4F997552EC5DAB93624C2B5FEED80583F3ED8623DB474A893849E1B9893670C12313821E81E91F634A572BA5107192C03701CD4CAFEEF407D8EAF6C098BE0BC816A0624F9B6D092E4F594AA07BD2688410884CAB82384D6DD0550889C0F35036C6D0662F393CD7DE9F8154E40B68D18B2F52D4E81DD7CDBF67F39915F0507ECF939C112F6460954A2554CC6FAB56ABC1F77D3DA3378A6CF0D61E5B5FF492943233FC7EE12DA947CE4B0019FA83C73D73E64C08004288438CB19F98ED4D98C11E40EE9D8D8E8DE1C38F3EC2D090962EDEFF404B379EE7616464CC66D714036AC59E5FC58659BAD5AFD98EE2F67CFF72B58AA3C76600005BADF6B67DB2BEEEADAD2E6E2F2EA114F82885014EBF71FCD92E84C3D1A8566DC1D53F9B3B876E5F17502D3C58C1A56F755207670C43B51A386778E7C41B387658A717FAAE0BD75C2706664D0D63B944258B01E23DD043C7B5317BB0B68E2BB7EEA01FE942A66F6E6AF9A81C8678E7C41B2899456DACD0DE21EB65FF2C14079C6FB4B6765DAC6BF53A8ECEBCA1DFB739B62D505B34E8C5458F17AE47B1AD7ED143CF02F3E54A053FF8E1C7E89B3BA823478E208E63F4FB035C387F1E77EFDE0180626A2607F011D353C6C0395F3D73E64C360D2BBE72E5CAE323E9C473850CFD0173E2C4098773EE954A252E846800F88179CA33699500726FAB5AA96276F614A60EE9F1ABEF9C7DD71EAB6813A494C8ECF8360FD58ED4DB2E07ECD531D10F428C8C6A39A85CA96C7B2E7B7D3F8AB0BAB989D0F7774D817C5238E7768213009C3C7604519CA0D3EBE3CEE212164CBA60E0E91EF58EC331313A82C3133AC3C5E51CB07734F97119838D3F30291F1B395080CDFCD9D8EAE0DBBBF368777B1042607159A7204E8E8DE2F0F818C64DACA0567E4C35F013D2EE76B16C3279BA83C1AEFB84A59295E82AD5DA4353AE328AD2952C0E6F29DC27EA8A0ABD3D73124A001A663E2FA0E5C12449B0B5B585BB77EE6061C1C40DCC35524A71C6D80C806C26F064A5520900E0DEBD7BBBDF96102F14CABA21088278CD218FFE80A956AB539CF3F7D334F5001CCB82B1C847CDC1711C7CFCE9A7008089C9491C7FF304469BDAA3EB175ADA6A075B151EE7A8ED3B3DB1703A343484C03F0900B8B7B060BD7A91A688CCA4A6FBAB6BF8F95797E0708EA9E6183E7DEFAC7DFDF7E98A393B731452EAAE8FCDE121AC1BE9E81F2F7C8DD58D161803FEF6FFFD12FFE7D75F0200DE9B7DCBE6E41F6A3631313A6C8F653DFA1DD25516F8DC686F61716515424AB4BB3DFCE2E22500BA30ACDBEF434A05D775F01FFFECDF02D003CA8F4D4E6CBB037916B2BE34D91DD5F5BBF338FFDBEB0080D5CD7CFE771004F6DA4F4C4EE2E8B16300B49EFEA8630336E9DDDEE41463D9C578022B242615BFB7B1890928A550EFF5F0EEB973A898F3B878E12B6C6EDA56373ECCDC5BC6D8D924493600607272F2F2C2C2C2F5C75F09E2794286FE80E19C970034991EA03D8AC27752946DB25BF5E1E16154AA5594CBC6E0CAFC8FF97954801603BC61A964039FC5F71AC431563736C139B703BCF7835AB6A8080128607448CB09BFBA7C0549AA4BFADBDD9E2DDD1F1F1DB6CDCF46EAF56D8B599EE6B8FBC21325095A9D2E5221B0DE6AE3C6BCCE0E741C0781E7D9160F278E1C0600F89E87917ACDCEABFD3E149B906D757BD6C0F707794701C771E09BCAE3200C1F92D19EE87D1E7AB02301B6F090E5923EFC20D4311F30340A995D5990DE04638B91FA06E73C1B51F9EC5A1EB16F90A13F6094528C6B019E1BAD73D7FD328D9E710EB01DDE9A3ED0733FD7628F956DD5942A3756452FF9FB74D07CF8CD73C3E33A8E0DBA0A214C4AA7CEFDCFB4F54408C4265F9CB3FC1CA4907661289E6B9A0AA442FF4F2A69170687733D388531B86E6ECBF6B341BBCE67CFDB35ECB6606FBBF6FB343BE031270555D0F8B373E285C0F65EDFABA9F9E085C7C4014386FE80618C8D2AA5DE0750668C59AD81736EBDE7300CF1CEBBBA0342B952811F84F656FF79DB77CE189831AA63E3E3387D56CB32EBABABB876F52A00204E12B4BA5D30E8A952B71775C245A51C626C68C84E747A5618E7A8944BB6A9D99F7CFC21DADD1EA454B835BF8825D3A3E5FEDA3A1657D60000576EDE41A39A156279289B3B0D5D3CA48D6A92A636E0D9E9F5B1D1DE8254120C0C6F1ACF7DA451C7F14353087D1F8EC3316CDA44389C3D759EFA6E28A5F0607D036BAD2D005AAEC93CF9B4905E39DA6CE2D4DBBA006AEAF0F4BE0D8AD9F3BCF4C9010032A5873B0E0E1F3D8AAAB906172F5C40CB48376961A80A74EBE31400A4940FF756265E3864E80F18C6585D29F5A61907572E6CD75D273987EFFB9879E34D00FA8FCDF57C3C664CEAFE9D1FE7D67B6D341A3836A353271DEE58439F0A81B4AF8D52BBD3C5FDB57500C0485AC770BD8EEF2B6E70C6741AA391C3CF9D3AA9BD60211078AE6D6476E1FA773633C777F3918195528846554B1D458F7910C7B629592A046213EFA855CAF8C3737A419B9E6862EEED59544DCAE7F75DB476A2006C6E75B0B8A2FBD9B73A5D9BDA59A45E6FD8DFC0C8E8E8BE9EC3E3C89C09CE38C69AE3181AD6C3CA2A950A3C53E3502CF4023091555671CE87763924F182A1DB2A822088D71CF2E80F063E3D3D1D0080947284737E4C295537F33F0100D56A0D87A6A7E1FB01C230B025EF45ADF645333AD6C4D97775DF1BCFF5F0EB5FFE0280964332DDBB3718E0D797AF00004E1C99C6E1F131DBBE78BFE0665213670C27678E6262547B98B3C78F61ABABA7617D73E316AEDFBE0B404F6D9ABFDF05B03DF8E872C7068F8F4E4EE0EC89E3F05C1781E761DAE4E697C310E5307CE696067B91156E09217067E93EBEBAA69B3F666D89015D04E7996B37393565A59BAAE944FAC2610CAEE7D9AAECA333C7C1388794128B0BF3585DC9668E635C29959D64736666260480999999F4673FFBD9B3371D229E1932F407039F9898C8AC5F05C02863AC51DCC10F038C359B2895CAF07D7F474F9383A15AADDABE37ABCB2BF69CD234B5863E4E12DC311A7DBD52B6C1D1FDA4B8D04D8C8E58437F746AD2BE5FA7D7C3ED059D39D31B0CB0B1B5F5D071CA61600BBC0E8D8DE2E3B3A7510A022D15858F6CF7FFBDC9AB9615D65A6DDC5D7A0000E8F6F2BEF3AEEBDAEB5D6F3430698AE49EB73EBF17999C98C5264646C710C7318410585F5B2BEE5A638C55B3C7D96F7D616141C168F7C48B85A41B822088D71CF2E80F8013274E94A59433E69F4DAEBB856D73D35CD745B55AD35936FB2C7D3C2BDC716C60B5313C8493A7DE0600ACAFAD62617E1E4208A4A9B0C338EEAFAE637E69199D6E1F9C735BCCF4BC705DC77AFB81E7D9EBE6EE1140E58CDB3C78DF73E17B1E7CCFDBD7D4C9BD5878B08CEE20429A0A3C585B47C778F249E10E687C6212878FE8A97D9353870E4CB2DB8B72A58C6AAD0629859D4806D8BC7A06004AA99124496600A056ABAD02B87710E7FAFB0E19FA03200CC312632C9BBB3962F2E7B7D917CF7551AE5450ADD5F634542F1A5EE85F5FAB37F0C689B700E8DEEFF7161775DF77296D05EBCAC626EEADACA03718C0715E80A1771C5BB6E319A30D604F7D9DF3BC0199EFE92C9DFDCEAAD98B7B2B6B586FB5910A81B5CD167ABBF4B5196D36F1D6C9590040737CE2A533F4612944B5568548D39DD262F1B73C94FDD6955229C8D01F082FD72F87200882D8775E0E57F1F70CAE471FA500C01893BB5542B6363771F59BCBF08300AEE3588F290C4334C72710981E2BD3478EDAD71467A63E6FAAD52ADE9AD5DE661C47B8765567DA28A56C6076BDD5C6856BDFA11404083C0FEFCDEA3B00CE185C27CF7F7F1E1C6A8EE19C79BF9B0B8BDB3CE6EC724F8E0EE3DDB7746EFA9189F17DCFAC292295421C273658FCEDDD792C2CAF404A89D5CDBCFDB3EB7936D8393E3E8137DE3C0100187E81B9F33BAB7397EEDD831029449A626565051D13D8BEFACD65B45B2DFD19F28C9B9D48E3C98373BEC7C418E2794386FE00701C47398E93028010BBA7A5B45A2DB44CAA1DE7DCFE7135868671E6EC59D44D1BD94387A7ED6B38E72FCCD057AA55BC35ABC7D9ADAFAD210802533423ACA1DF686FE1E2B56F75FBE120C05FFDEB3F05A0A514E7E1B0C4BE32D51C856764190585455348556CCF3C3536660D7DA35ADD974AD7BD504A218A133BB8E4FADD79DC985FD00B63E127E015620BCDF171BC71421BFAE7796E7B9D6F769DEE2D2E208E224483017E7BF50AEEDFD3EACBEF7E7717FD5EEF71C751AEEB0A0088E3980CFD0141D20D4110C46B0E79F407401CC77D21C43C00789E774B29F55BA5540540C0182B8E6762D0C398B1B1AEDB0A0CFA7D3D42CFE479773BBA10C8F55C341A0D3BE7736C7CDC0CC86628572A08823C2F7C3FBCFEAC3503A00BA94E9D3E83288AD0EB7571F59BCB00F490932849F47423055C304541F54A05278F4DA35A7E7E8D0DCB6188D186F648DF3E7E0CBE09B20A91F7BA196DD43162FAB68481FF5CB36DD234C59DA5252CADEAEFB1DDE9584FBE38F465FAC8518C9B01EFE39393D693DFAF40ACF6D2CDB0F32441AFDB456A26543D58D29E7A92A6686D6E22323D776EDFBA81244920D2140FEEDF47DBDC69A679AB86E2244A28A59600B4CC79DF88A268DE3C657B1A132F1632F407C0952B573A00BE0580B9B9B926E7FC3700CA4AA96100C7CC6EC514352C2F3FB0AFCF46B901C0D717BE02A05B08CFCC1CC7909978F4DEFB1F20084338AE8BC9C929789E36CAFB65308A853353870EE1C31FFE10699A626565D91A7A29A59DF31AA509FEF1FC4500C0E1F1260E35C79EABA1AF55CAB6186A726C1473A7B5CC942669D1403D7732F9234A12FCF6F65D5CBEA14711AEB5DBBB16939D78EB24DE794F571F4F1F39F25403DE9F94AC27CD6030C0F2F2B21D0AFE9B2F7E0900E8F77AB873E7B66D58D66EB7A1F6986255A068EC6F70CE6F018052EAF2A54B97BE2DEC431C0024DD100441BCE690477F70984EB06A4D29F535E73C504AD5617B34A2CA181B879E1DCB196359D49515F3EE13E39D32C6B0BEBE6EA73E7DF7ED759BC1B1F2E0012AA6656FAD5E87678A824AE58A2DB12F95CB568A79DAEC9D300830323A6A86454B7B57912409FABD9E9D5F9B0DD4087C1F2B1B1BB6AFFA786112D4EBC6CAC6265221D0ED0FB0DEDE42CB486D456FBE52ADA214EAEE98C3A3A3F6FA854FD986A1D85F5F0A81AD8E0EE027B1FE1E84D4C3BC37331970D0C7FADA1A2213207E70FF3E00E841E0BD9EFD6DD9A9644A29C69844FEDB7DC0188B94BE6D59869166186397002C987DEE833CF903E7609A6610BB323737E749290F018010E284EBBAFF02400380CF18FB0BB31B875E0C9E280D833106DFF7AD04307BEA6DD4EA7530C6706CE638C627260000478E1DB343C08BB2CCD3B2FCE03EFEFB7FFBAF00808DF575DCBD730771146DDB67AA398A1F7FFC038C8F6883F6D9A73F78E838CF8B172DDDFCAF5F7D897E14A13718E05797AFE2D6E2F67A21CE394E9C3C69B3A7FEF8C79FE1D4E933CFF45EBA3259673CF57B3D5CBFF65B00C0C6FA9AFD1ED234C52523F7092110C771B1BDF023514A49C6588CBC5FCDDF1B439EA669FA0F8EE37C6D8EBB7AE9D2A5EE337D08E2B940D20D4110C46B0E49372F11E7CF9F97A74E9DEA0040A9545A524A5D608C95A0BFA76C345BC8186B2297788E9BED2E74B97968FECD19632C1BD091B1B6BA8A6EB70BC6189224C1F2037DBB7E7F69C9B6BF2D954A5636F07CDF66F8F85EFED8755D94CC7C56C771E1FB3E18630882102767750F9CC58579AC2C2FEBB1744A5929A03F88706B6111ABA627CEBB2775AEB8EB70D42A653B49EA55244D05DADD1E62F3596F2E2CA2DB1F204E126C1572CE3DDF07E71C8EE36072EA104E985607F57ADEC4348E637BF711C7B195E5E238B201D4344DD1EFEB3E393AEBA907A514E238C2D2A2EEDED9ED74B0B6BAAAA74015BC7E2DA96D5355B21F4A029D35935599CD437BF1A9526A9531D60100A5D4D7003639E7823136DFEFF73BE69CA843E54B0619FA970B71EDDAB50DF3B8353333732B4D53363131C1A228FA290084613824A53CCD39CFFA7DFF190030C6CA52CA53D003C6817C21D8D6467861FE77567FBF79E33BAB93FBBE0FC7A4208E8C8CA031A40703D51B0D2BE9D4EA0D3BDDA8522EDB34C052A90CD775C13947B952C1277FF8470080AB972FE3D677372085DC66E8DB9D2EBEBC72CDBEF747EFE885A11404383E7DE89536F4719AE0DECAAA6D8BFC9BABD7B0D5ED42A9EDBA7C290CE17A1E3CCFC35BB3B3F8E1C79F0000C272399F80D5EFDB42B976BB8DF575DD0AB8DD6A61DD8C4FEC76BB76B1EE74B6B0B6B6A60DB8945632CBB4FB6C3CE01E357A8036F000D0554ADDE49CAF99D7FF9431D69552C6AEEB5EEBF7FB4B667BB7D56A090058585848904F1DA4C2A8970C32F42F1FF68FE5CE9D3B29002C2C2CE0934F3E510010C731678C75916BF409A01B469940D923D9EB8F5C086175F97EA9947BF14188D804EB922486300B462A443EA0BCE0156AAF5EAF319EE781F18703BB5229C44962B76706300B16BED2285D3F60879427891D52BEF33A6595CC9EEBC137D7ACD886A1589D2A85C8AF7D92D8EF248E220C8C77DFEFF7F3E0776118CC537F04FDA62972C3DF03D0638C4552CAAD5AADD606802FBEF8220219F5570232F4AF082B2B2B12001A8D46A2946A4B1341E39C67C397CBD019390F003D741C5AEEE1004A003237B9AC9472CC3E4021573F0BCA2549828191035CD743CB78D852082833ACB6542E411A6316964AA86ED6C019DFD6EBA6D3D982EB7A08C2705B1E7666F63323F6C0CC98AD944A181D6AE82E9400AAE5925D0C0E6AD8C6A3281AEEACCD70A7DFC75AAB65338C84C8E511C6987DECF93E822080E3BAE876BB36E3A5981ED1D9EAA0D7ED98C75BD83479ED9DAD2D5BB4D4EFF7ACA14FE2C41AF91D0BA62AFC5B65D20BB431EFC148364AA9AC614D0FC04DA5D4BAD9BE2EA5EC03883DCF8BB2DF22289BE695E1E5FBEB219E153E373717BAA6A7B110E2330065296508E003CEF931009052CE31C6B27CC66C21F85E388E03CF68F4BEEF63DAF450CF8C3CE71C699AE2C297FF0460FBA202C036371BAED7F0A3B9733876680A00F0A3B9F75132CDDBF6CBD0EF67D64DD198FEEFDF9C07A0FBFBFCFCC225FCEEBE2E702B56BD66C3DE01E0D4E933A8371A504AA1D7EB59CD7D6579D9CA35499240887D91BB2572CF3B618CFD5F73FECB00CE33C636CDF9FD0D00F4FB7D313B3B3BF8FCF3CFF77F3C18712050D60D4110C46B0E4937AF0FAAD56A8966B39915B32C4A2903C6980F802BA5EE0100636C2D1BDCCC18AB2AA5B2AA9C0AF2006EC9FC0F8CB1005A1602B463F05082BD52CACA38096368B775DB5DC771E0F53C30C621E5EE9ABEFEB7FE6F9CA4B8B7B286D4F4A20903DF4C7CD27A7616BC751C079983CF593E0CC5E10CCC3CE68CC331770A8CE703D5459A6BDD3A23C9141815EE3294521052D87313525A9122D3DEF53EB67608B716747E7CA7DF476F30D855D328DEC9B45B2D1B9C8E0603FB388E221B47516A4FF95BA0E0A12BA53A00C0188B00F44C6153AA946A9BED31808EC983174AA98BE6B59B4AA95B9994C3394F00606464447DFEF9E724CBBC469074F37A61BFCFB9B9B95292244C08C184104126E970CE877CDFF7A4949C737E580831665E72CCE8FA007018C004009854CEAC2AD703B06BB966514BB7C556A6C296419BC39D85533BE19C21F47DB88EF63FC2C007E70C0C0CBEE759EDBE14063668E9FB9E9D0A15F83E3CB38FEF7BB69199EBBA08CCA83B29742B6540EBE759DBE05408C47102A500A9247AE65C85908893C40646BB7D2DB148A51025898D3D64FB4B291115FACEEF85E7FBE08C0350DB82AE628F20F70E6200D9C5DC544A65719A35A5D402634C401BFC6B667B8B73BEC0188B93245142885500088240743A9D2808020900972E5D2AF61C2643FF1A411EFDEB85FDE33C7FFE7CF18F360BBEE1DD77DFED28A55C2925935272C77104004829ABC8BDF53A63AC01004AA9E449B2798AC6E9492B2D7722A5426F1021B3616D93EFCF608CB831DCA530B0463FF4BD7C288BEFDBF181819F8F12F45C1761A003CA4ACA3CE89C0A6BE8933445641AB00929D1B579EA421B74638CB3A0AB9012511C5B0DFE69B38512F3BECF8842EED1A78CB18139872E741B0221A5EC3A8EF3000084101B49922C789E1775BB5D75E3C68DF6EE87255E57C8D0FF9EE1799E6AB55AAAA1079708E42974B1526A00008CB15E410ED88269390B2DED64168A215F1898522A8BF730C69803004A29063B2BDABEE6A9504AD9BB85DD1613A114B8915F8A698D8EE085BB0C2049B8796D6EE8D342F1506AE6DD66C71659CF18B3BF524AB767DC61D8BF473A6826EC0AA37D000003FC49444154B1013A13263B905446B331DBA4D94F1616DC0840DF6C6F235FC87B8CB181524A1819270100D77553A5946CB55ACA711CF2D47F0F21E986781218009C3A756AA456AB4D0280106204C029F37C933136C31873A1D337DF33DBAB00C6A1251F7B1C02407EF72501AC20EFD57E8331B6020052CADF01580400C6D83DCEF91D00E8F57A6B57AE5C79B0E33804B1279475431004F19A43D20DF1C4A4699A388ED3050021840360C93CD58796131C93C593050ACBD02D19B2DF59006849C7C83B59FF9EAC988B31C63872CFDF2D3CB6FB3F62FBAE8F4DDF9FDDDA714AE4FD5D8A8FEDF0761829A520AD24BBEC5FDCAE8CF4A2CC078A0BDB45417E49CCB1158035239101DA83CFBCFB6500ABE6C56BD9B5472E9F11C41341B7D2C4D3E0CCCCCC780050AFD79D388E4300705DD7E59C7B4110B0344D39E7BC046803AE94AA70CE1DA3D78F99ED8E52AA92195FCEF9B8393E638C0559E52E80BA31D29C31562A2C0855E47250492995A58556905700974C6A28A01798D22E9F2701D035E71433C6FA26355164A989669F7EA10F7B668453E8CC16614E3CDB2E955291791E52CA75C658A6AFF7618CB4D93F114228005DC77106009024491404410A00BD5E2F114224805E64D3348D01C0B4C6A0C661C41343869E786ECCCDCD799D4E27AC56AB5C08C138E75300902489EB384ECD68FA701CE730009894CF10E60E402935CC18CB16896AC170370A46BF0263C49552B5AC7B27F4DD44D96C0F1963D59DE7A7948A0A9EF400DAE867DEFC46619F2E8C679F35FA82C95F37A98C40EE790BA554DF1C03428865CEB990524AC65887731E99FD5639E771ABD55241100CAE5CB9425E3AF1DC208D9E200882200882200882200882200882200882200882200882200882200882200882200882200882200882200882200882200882200882200882200882200882200882200882200882200882200882200882200882200882200882200882200882200882200882200882200882200882200882200882200882200882200882200882200882200882200882200882200882200882200882200882200882200882200882200882200882200882200882200882200882200882200882200882200882200882200882200882200882200882200882200882200882200882200882200882200882200882200882200882200882200882200882200882200882200882200882200882200882200882200882200882200882200882200882200882200882200882200882200882200882200882200882200882200882200882200882200882200882200882200882200882200882200882200882200882200882200882200882200882200882200882200882200882200882200882200882200882200882200882200882200882200882200882200882205E0EFE3F9BE41840BDD285B80000000049454E44AE426082, '906073749');

-- ----------------------------
-- Table structure for offlinemessage
-- ----------------------------
DROP TABLE IF EXISTS `offlinemessage`;
CREATE TABLE `offlinemessage`  (
  `account` varchar(20) CHARACTER SET utf8mb4 COLLATE utf8mb4_0900_ai_ci NOT NULL,
  `rec_account` varchar(20) CHARACTER SET utf8mb4 COLLATE utf8mb4_0900_ai_ci NOT NULL,
  `message` varchar(1000) CHARACTER SET utf8mb4 COLLATE utf8mb4_0900_ai_ci NULL DEFAULT NULL
) ENGINE = InnoDB CHARACTER SET = utf8mb4 COLLATE = utf8mb4_0900_ai_ci ROW_FORMAT = Dynamic;

-- ----------------------------
-- Records of offlinemessage
-- ----------------------------
INSERT INTO `offlinemessage` VALUES ('kobe19961231', 'kobe961231', 'test');
INSERT INTO `offlinemessage` VALUES ('kobe19961231', 'kobe961231', ',nihao');
INSERT INTO `offlinemessage` VALUES ('kobe19961231', 'kobe961231', 'hello world');
INSERT INTO `offlinemessage` VALUES ('kobe19961231', 'kobe', 'hello\n');
INSERT INTO `offlinemessage` VALUES ('kobe19961231', 'kobe12', 'hello');
INSERT INTO `offlinemessage` VALUES ('kobe19961231', 'kobe12', 'kobe12');
INSERT INTO `offlinemessage` VALUES ('kobe19961231', 'kobe12', 'hello\n');
INSERT INTO `offlinemessage` VALUES ('kobe19961231', 'kobe961231', 'nihao');
INSERT INTO `offlinemessage` VALUES ('kobe19961231', 'kob1111e11000001', 'nihaonihao');
INSERT INTO `offlinemessage` VALUES ('kobe19961231', 'kobe12', 'hhhh');
INSERT INTO `offlinemessage` VALUES ('kobe19961231', 'kobe12', 'woaini\n');
INSERT INTO `offlinemessage` VALUES ('kobe19961231', 'kobe12', 'fff');
INSERT INTO `offlinemessage` VALUES ('kobe19961231', 'kobe12', 'ddfhh');
INSERT INTO `offlinemessage` VALUES ('kobe19961231', 'kobe', 'nihao');
INSERT INTO `offlinemessage` VALUES ('kobe19961231', 'kobe', 'nihao ');
INSERT INTO `offlinemessage` VALUES ('906073749', 'kobe1', 'asdasdasdasd');
INSERT INTO `offlinemessage` VALUES ('906073749', 'kobe1', 'asdasd');
INSERT INTO `offlinemessage` VALUES ('906073749', 'kobe1', 'sadasd');
INSERT INTO `offlinemessage` VALUES ('906073749', 'kobe1', 'sadasd');
INSERT INTO `offlinemessage` VALUES ('906073749', 'kobe1', 'sadasdsad');
INSERT INTO `offlinemessage` VALUES ('kobe19961231', 'kobe', '123456789');
INSERT INTO `offlinemessage` VALUES ('kobe19961231', 'kobe', '132456789');
INSERT INTO `offlinemessage` VALUES ('kobe19961231', 'kobe', 'qweqwe');
INSERT INTO `offlinemessage` VALUES ('kobe19961231', 'kobe', 'qweqwedqwa');
INSERT INTO `offlinemessage` VALUES ('kobe19961231', 'kobe', 'zxccz');
INSERT INTO `offlinemessage` VALUES ('906073749', 'kobe19961231', 'nihao');

-- ----------------------------
-- Table structure for passwordcheck
-- ----------------------------
DROP TABLE IF EXISTS `passwordcheck`;
CREATE TABLE `passwordcheck`  (
  `account` varchar(20) CHARACTER SET utf8mb4 COLLATE utf8mb4_0900_ai_ci NOT NULL,
  `password` varchar(20) CHARACTER SET utf8mb4 COLLATE utf8mb4_0900_ai_ci NOT NULL,
  PRIMARY KEY (`account`) USING BTREE
) ENGINE = InnoDB CHARACTER SET = utf8mb4 COLLATE = utf8mb4_0900_ai_ci ROW_FORMAT = Dynamic;

-- ----------------------------
-- Records of passwordcheck
-- ----------------------------
INSERT INTO `passwordcheck` VALUES ('', '');
INSERT INTO `passwordcheck` VALUES ('123456', 'qwerty');
INSERT INTO `passwordcheck` VALUES ('123qwerasd', '123456798');
INSERT INTO `passwordcheck` VALUES ('906073749', 'chenhan123');
INSERT INTO `passwordcheck` VALUES ('bugAccount', '123456');
INSERT INTO `passwordcheck` VALUES ('bugAccount2', '123456');
INSERT INTO `passwordcheck` VALUES ('bugAccount3', '123456');
INSERT INTO `passwordcheck` VALUES ('bugAccount4', '123456');
INSERT INTO `passwordcheck` VALUES ('bugAccount5', '123456');
INSERT INTO `passwordcheck` VALUES ('fanzhihao', '123456');
INSERT INTO `passwordcheck` VALUES ('jimoduncesuo', '123456798jjj');
INSERT INTO `passwordcheck` VALUES ('kob1111e11000001', '123456');
INSERT INTO `passwordcheck` VALUES ('kobe', '123456');
INSERT INTO `passwordcheck` VALUES ('kobe1', '123456');
INSERT INTO `passwordcheck` VALUES ('kobe12', '123456');
INSERT INTO `passwordcheck` VALUES ('kobe19961231', 'chenhan123');
INSERT INTO `passwordcheck` VALUES ('kobe22222', '123456');
INSERT INTO `passwordcheck` VALUES ('kobe961231', '123456');
INSERT INTO `passwordcheck` VALUES ('lijingyu', '123456');
INSERT INTO `passwordcheck` VALUES ('lijingyu123', '123456');
INSERT INTO `passwordcheck` VALUES ('lover563', '123456');
INSERT INTO `passwordcheck` VALUES ('myAccount', 'chenhan123');
INSERT INTO `passwordcheck` VALUES ('YUYU', 'JHJHJHJH');
INSERT INTO `passwordcheck` VALUES ('zhuangbiwang', '123456');

-- ----------------------------
-- Table structure for read_the_truth
-- ----------------------------
DROP TABLE IF EXISTS `read_the_truth`;
CREATE TABLE `read_the_truth`  (
  `send_account` varchar(20) CHARACTER SET utf8mb4 COLLATE utf8mb4_0900_ai_ci NULL DEFAULT NULL,
  `rec_account` varchar(20) CHARACTER SET utf8mb4 COLLATE utf8mb4_0900_ai_ci NULL DEFAULT NULL,
  `message_id` int(11) NULL DEFAULT NULL,
  `is_read` int(2) NULL DEFAULT NULL
) ENGINE = InnoDB CHARACTER SET = utf8mb4 COLLATE = utf8mb4_0900_ai_ci ROW_FORMAT = Dynamic;

-- ----------------------------
-- Records of read_the_truth
-- ----------------------------
INSERT INTO `read_the_truth` VALUES ('kobe19961231', 'kobe961231', 1, 0);
INSERT INTO `read_the_truth` VALUES ('kobe19961231', 'kob1111e11000001', 1, 0);
INSERT INTO `read_the_truth` VALUES ('kobe19961231', '906073749', 1, 1);
INSERT INTO `read_the_truth` VALUES ('kobe19961231', 'kobe19961231', 1, 1);
INSERT INTO `read_the_truth` VALUES ('kobe19961231', 'kobe', 2, 0);
INSERT INTO `read_the_truth` VALUES ('kobe19961231', 'kobe12', 2, 0);
INSERT INTO `read_the_truth` VALUES ('kobe19961231', 'kobe1', 2, 0);
INSERT INTO `read_the_truth` VALUES ('kobe19961231', 'kob1111e11000001', 2, 0);
INSERT INTO `read_the_truth` VALUES ('kobe19961231', '906073749', 2, 1);
INSERT INTO `read_the_truth` VALUES ('kobe19961231', 'kobe19961231', 2, 1);
INSERT INTO `read_the_truth` VALUES ('kobe19961231', 'kobe961231', 3, 0);
INSERT INTO `read_the_truth` VALUES ('kobe19961231', 'kobe19961231', 3, 1);
INSERT INTO `read_the_truth` VALUES ('kobe19961231', 'kobe', 4, 0);
INSERT INTO `read_the_truth` VALUES ('kobe19961231', 'kobe12', 4, 0);
INSERT INTO `read_the_truth` VALUES ('kobe19961231', 'kobe1', 4, 0);
INSERT INTO `read_the_truth` VALUES ('kobe19961231', 'kobe961231', 4, 0);
INSERT INTO `read_the_truth` VALUES ('kobe19961231', 'kobe19961231', 4, 1);
INSERT INTO `read_the_truth` VALUES ('kobe19961231', 'kobe12', 5, 0);
INSERT INTO `read_the_truth` VALUES ('kobe19961231', 'kobe1', 5, 0);
INSERT INTO `read_the_truth` VALUES ('kobe19961231', 'kobe961231', 5, 0);
INSERT INTO `read_the_truth` VALUES ('kobe19961231', 'kobe19961231', 5, 1);
INSERT INTO `read_the_truth` VALUES ('kobe19961231', 'kobe', 6, 0);
INSERT INTO `read_the_truth` VALUES ('kobe19961231', 'kobe12', 6, 0);
INSERT INTO `read_the_truth` VALUES ('kobe19961231', 'kobe1', 6, 0);
INSERT INTO `read_the_truth` VALUES ('kobe19961231', 'kobe961231', 6, 0);
INSERT INTO `read_the_truth` VALUES ('kobe19961231', 'kob1111e11000001', 6, 0);
INSERT INTO `read_the_truth` VALUES ('kobe19961231', '906073749', 6, 1);
INSERT INTO `read_the_truth` VALUES ('kobe19961231', 'kobe19961231', 6, 0);
INSERT INTO `read_the_truth` VALUES ('kobe19961231', 'kobe1', 7, 0);
INSERT INTO `read_the_truth` VALUES ('kobe19961231', 'kobe19961231', 7, 0);
INSERT INTO `read_the_truth` VALUES ('kobe19961231', 'kobe1', 8, 0);
INSERT INTO `read_the_truth` VALUES ('kobe19961231', 'kobe961231', 8, 0);
INSERT INTO `read_the_truth` VALUES ('kobe19961231', 'kob1111e11000001', 8, 0);
INSERT INTO `read_the_truth` VALUES ('kobe19961231', '906073749', 8, 0);
INSERT INTO `read_the_truth` VALUES ('kobe19961231', 'kobe19961231', 8, 0);
INSERT INTO `read_the_truth` VALUES ('906073749', 'kobe19961231', 9, 0);
INSERT INTO `read_the_truth` VALUES ('906073749', '906073749', 9, 0);
INSERT INTO `read_the_truth` VALUES ('kobe19961231', 'kob1111e11000001', 10, 0);
INSERT INTO `read_the_truth` VALUES ('kobe19961231', '906073749', 10, 0);
INSERT INTO `read_the_truth` VALUES ('kobe19961231', 'kobe19961231', 10, 0);
INSERT INTO `read_the_truth` VALUES ('906073749', 'kobe19961231', 11, 0);
INSERT INTO `read_the_truth` VALUES ('906073749', 'kobe1', 11, 0);
INSERT INTO `read_the_truth` VALUES ('906073749', 'kob1111e11000001', 11, 0);
INSERT INTO `read_the_truth` VALUES ('906073749', 'myAccount', 11, 0);
INSERT INTO `read_the_truth` VALUES ('906073749', '906073749', 11, 0);
INSERT INTO `read_the_truth` VALUES ('kobe19961231', 'kobe', 12, 0);
INSERT INTO `read_the_truth` VALUES ('kobe19961231', 'kobe12', 12, 0);
INSERT INTO `read_the_truth` VALUES ('kobe19961231', 'kobe1', 12, 0);
INSERT INTO `read_the_truth` VALUES ('kobe19961231', 'kobe961231', 12, 0);
INSERT INTO `read_the_truth` VALUES ('kobe19961231', 'kobe19961231', 12, 0);
INSERT INTO `read_the_truth` VALUES ('kobe19961231', '906073749', 13, 0);
INSERT INTO `read_the_truth` VALUES ('kobe19961231', 'kobe19961231', 13, 1);
INSERT INTO `read_the_truth` VALUES ('kobe19961231', 'kobe', 14, 0);
INSERT INTO `read_the_truth` VALUES ('kobe19961231', 'kobe12', 14, 0);
INSERT INTO `read_the_truth` VALUES ('kobe19961231', 'kobe1', 14, 0);
INSERT INTO `read_the_truth` VALUES ('kobe19961231', 'kobe961231', 14, 0);
INSERT INTO `read_the_truth` VALUES ('kobe19961231', 'kob1111e11000001', 14, 0);
INSERT INTO `read_the_truth` VALUES ('kobe19961231', 'kobe19961231', 14, 0);
INSERT INTO `read_the_truth` VALUES ('kobe19961231', '906073749', 15, 0);
INSERT INTO `read_the_truth` VALUES ('kobe19961231', 'kobe19961231', 15, 0);
INSERT INTO `read_the_truth` VALUES ('kobe19961231', '906073749', 16, 0);
INSERT INTO `read_the_truth` VALUES ('kobe19961231', 'kobe19961231', 16, 0);
INSERT INTO `read_the_truth` VALUES ('kobe19961231', 'kobe961231', 17, 0);
INSERT INTO `read_the_truth` VALUES ('kobe19961231', 'kob1111e11000001', 17, 0);
INSERT INTO `read_the_truth` VALUES ('kobe19961231', 'kobe19961231', 17, 0);
INSERT INTO `read_the_truth` VALUES ('kobe19961231', '906073749', 18, 0);
INSERT INTO `read_the_truth` VALUES ('kobe19961231', 'kobe19961231', 18, 1);
INSERT INTO `read_the_truth` VALUES ('906073749', 'kobe19961231', 19, 0);
INSERT INTO `read_the_truth` VALUES ('906073749', 'kobe1', 19, 0);
INSERT INTO `read_the_truth` VALUES ('906073749', 'kob1111e11000001', 19, 0);
INSERT INTO `read_the_truth` VALUES ('906073749', 'myAccount', 19, 0);
INSERT INTO `read_the_truth` VALUES ('906073749', '906073749', 19, 0);
INSERT INTO `read_the_truth` VALUES ('906073749', 'kobe19961231', 20, 0);
INSERT INTO `read_the_truth` VALUES ('906073749', 'kobe1', 20, 0);
INSERT INTO `read_the_truth` VALUES ('906073749', 'kob1111e11000001', 20, 0);
INSERT INTO `read_the_truth` VALUES ('906073749', 'myAccount', 20, 0);
INSERT INTO `read_the_truth` VALUES ('906073749', '906073749', 20, 0);
INSERT INTO `read_the_truth` VALUES ('906073749', 'kobe19961231', 21, 0);
INSERT INTO `read_the_truth` VALUES ('906073749', 'kobe1', 21, 0);
INSERT INTO `read_the_truth` VALUES ('906073749', 'kob1111e11000001', 21, 0);
INSERT INTO `read_the_truth` VALUES ('906073749', 'myAccount', 21, 0);
INSERT INTO `read_the_truth` VALUES ('906073749', '906073749', 21, 0);
INSERT INTO `read_the_truth` VALUES ('kobe19961231', 'kobe', 22, 0);
INSERT INTO `read_the_truth` VALUES ('kobe19961231', 'kobe12', 22, 0);
INSERT INTO `read_the_truth` VALUES ('kobe19961231', 'kobe1', 22, 0);
INSERT INTO `read_the_truth` VALUES ('kobe19961231', 'kobe961231', 22, 0);
INSERT INTO `read_the_truth` VALUES ('kobe19961231', 'kob1111e11000001', 22, 0);
INSERT INTO `read_the_truth` VALUES ('kobe19961231', '906073749', 22, 0);
INSERT INTO `read_the_truth` VALUES ('kobe19961231', 'kobe19961231', 22, 1);
INSERT INTO `read_the_truth` VALUES ('kobe19961231', 'kobe', 23, 0);
INSERT INTO `read_the_truth` VALUES ('kobe19961231', 'kobe12', 23, 0);
INSERT INTO `read_the_truth` VALUES ('kobe19961231', 'kobe1', 23, 0);
INSERT INTO `read_the_truth` VALUES ('kobe19961231', 'kobe961231', 23, 0);
INSERT INTO `read_the_truth` VALUES ('kobe19961231', 'kob1111e11000001', 23, 0);
INSERT INTO `read_the_truth` VALUES ('kobe19961231', '906073749', 23, 0);
INSERT INTO `read_the_truth` VALUES ('kobe19961231', 'kobe19961231', 23, 0);
INSERT INTO `read_the_truth` VALUES ('906073749', 'kobe19961231', 24, 0);
INSERT INTO `read_the_truth` VALUES ('906073749', 'kobe1', 24, 0);
INSERT INTO `read_the_truth` VALUES ('906073749', 'kobe961231', 24, 0);
INSERT INTO `read_the_truth` VALUES ('906073749', '906073749', 24, 0);
INSERT INTO `read_the_truth` VALUES ('906073749', 'kobe19961231', 25, 0);
INSERT INTO `read_the_truth` VALUES ('906073749', 'kobe1', 25, 0);
INSERT INTO `read_the_truth` VALUES ('906073749', 'kob1111e11000001', 25, 0);
INSERT INTO `read_the_truth` VALUES ('906073749', 'myAccount', 25, 0);
INSERT INTO `read_the_truth` VALUES ('906073749', '906073749', 25, 0);
INSERT INTO `read_the_truth` VALUES ('906073749', 'kobe19961231', 26, 0);
INSERT INTO `read_the_truth` VALUES ('906073749', 'kobe1', 26, 0);
INSERT INTO `read_the_truth` VALUES ('906073749', 'kob1111e11000001', 26, 0);
INSERT INTO `read_the_truth` VALUES ('906073749', 'myAccount', 26, 0);
INSERT INTO `read_the_truth` VALUES ('906073749', '906073749', 26, 0);

-- ----------------------------
-- Table structure for the_truth
-- ----------------------------
DROP TABLE IF EXISTS `the_truth`;
CREATE TABLE `the_truth`  (
  `message` varchar(2000) CHARACTER SET utf8mb4 COLLATE utf8mb4_0900_ai_ci NOT NULL,
  `likes` int(20) NULL DEFAULT NULL,
  `date_time` datetime(0) NULL DEFAULT NULL,
  `send_account` varchar(20) CHARACTER SET utf8mb4 COLLATE utf8mb4_0900_ai_ci NULL DEFAULT NULL,
  `message_id` int(11) NOT NULL AUTO_INCREMENT,
  PRIMARY KEY (`message_id`) USING BTREE
) ENGINE = InnoDB AUTO_INCREMENT = 26 CHARACTER SET = utf8mb4 COLLATE = utf8mb4_0900_ai_ci ROW_FORMAT = Dynamic;

-- ----------------------------
-- Records of the_truth
-- ----------------------------
INSERT INTO `the_truth` VALUES ('123456', 2, '2019-05-07 13:58:24', 'kobe19961231', 1);
INSERT INTO `the_truth` VALUES ('woaini', 1, '2019-05-07 14:23:29', 'kobe19961231', 2);
INSERT INTO `the_truth` VALUES ('nihaoa', 1, '2019-05-07 06:38:52', 'kobe19961231', 3);
INSERT INTO `the_truth` VALUES ('woxiangshuo', 1, '2019-05-07 06:40:44', 'kobe19961231', 4);
INSERT INTO `the_truth` VALUES ('lalalalaal', 1, '2019-05-07 06:47:12', 'kobe19961231', 5);
INSERT INTO `the_truth` VALUES ('1234555', 1, '2019-05-07 06:51:47', 'kobe19961231', 6);
INSERT INTO `the_truth` VALUES ('123456', 0, '2019-05-07 06:53:04', 'kobe19961231', 7);
INSERT INTO `the_truth` VALUES ('henduode have hair me you shuo', 0, '2019-05-07 06:55:51', 'kobe19961231', 8);
INSERT INTO `the_truth` VALUES ('woyelai yifa', 0, '2019-05-07 07:01:29', '906073749', 9);
INSERT INTO `the_truth` VALUES ('test in social community', 0, '2019-05-13 04:36:47', 'kobe19961231', 10);
INSERT INTO `the_truth` VALUES ('I get the message you sent', 0, '2019-05-13 04:38:08', '906073749', 11);
INSERT INTO `the_truth` VALUES ('some not visual. ', 0, '2019-05-13 04:38:44', 'kobe19961231', 12);
INSERT INTO `the_truth` VALUES ('send test', 0, '2019-05-13 04:41:04', 'kobe19961231', 13);
INSERT INTO `the_truth` VALUES ('one message 906073749 not be visual', 0, '2019-05-13 04:48:24', 'kobe19961231', 14);
INSERT INTO `the_truth` VALUES ('llalala', 0, '2019-05-21 07:32:25', 'kobe19961231', 15);
INSERT INTO `the_truth` VALUES ('zaifayitiao', 0, '2019-05-21 07:32:43', 'kobe19961231', 16);
INSERT INTO `the_truth` VALUES ('haimeiyoubengkuima', 0, '2019-05-21 07:33:05', 'kobe19961231', 17);
INSERT INTO `the_truth` VALUES ('buhaoyisi', 1, '2019-05-21 07:33:15', 'kobe19961231', 18);
INSERT INTO `the_truth` VALUES ('123456789', 0, '2019-05-21 07:34:34', '906073749', 19);
INSERT INTO `the_truth` VALUES ('I love you', 0, '2019-05-21 07:40:02', '906073749', 20);
INSERT INTO `the_truth` VALUES ('noi', 0, '2019-05-21 07:41:14', '906073749', 21);
INSERT INTO `the_truth` VALUES ('llll', 0, '2019-05-21 07:46:02', 'kobe19961231', 22);
INSERT INTO `the_truth` VALUES ('445646564', 0, '2019-05-21 07:47:04', 'kobe19961231', 23);
INSERT INTO `the_truth` VALUES ('5555', 0, '2019-05-25 17:50:06', '906073749', 24);
INSERT INTO `the_truth` VALUES ('123444', 0, '2019-05-25 18:09:10', '906073749', 25);
INSERT INTO `the_truth` VALUES ('1234', 0, '2019-05-25 18:40:03', '906073749', 26);

-- ----------------------------
-- Table structure for user
-- ----------------------------
DROP TABLE IF EXISTS `user`;
CREATE TABLE `user`  (
  `account` varchar(20) CHARACTER SET utf8mb4 COLLATE utf8mb4_0900_ai_ci NOT NULL,
  `name` varchar(20) CHARACTER SET utf8mb4 COLLATE utf8mb4_0900_ai_ci NOT NULL,
  `password` varchar(20) CHARACTER SET utf8mb4 COLLATE utf8mb4_0900_ai_ci NOT NULL,
  `age` int(3) NULL DEFAULT NULL,
  `address` varchar(255) CHARACTER SET utf8mb4 COLLATE utf8mb4_0900_ai_ci NULL DEFAULT NULL,
  `phone` varchar(15) CHARACTER SET utf8mb4 COLLATE utf8mb4_0900_ai_ci NULL DEFAULT NULL,
  `sex` int(1) NULL DEFAULT NULL,
  `headId` int(2) NULL DEFAULT NULL,
  PRIMARY KEY (`account`) USING BTREE
) ENGINE = InnoDB CHARACTER SET = utf8mb4 COLLATE = utf8mb4_0900_ai_ci ROW_FORMAT = Dynamic;

-- ----------------------------
-- Records of user
-- ----------------------------
INSERT INTO `user` VALUES ('', '', '', 1, 'fds', '124', 1, 1);
INSERT INTO `user` VALUES ('123456', '123456', 'qwerty', -1, '', '0', 0, 0);
INSERT INTO `user` VALUES ('123qwerasd', '123qwerasd', '123456798', 1, 'fsd', '12', 2, 0);
INSERT INTO `user` VALUES ('906073749', 'chenhan', 'chenhan123', 1, 'fds', '13110538978', 1, 1);
INSERT INTO `user` VALUES ('bugAccount', 'bugAccount', '123456', -1, '', '0', 0, 0);
INSERT INTO `user` VALUES ('bugAccount2', 'bugAccount2', '123456', -1, '', '0', 0, 0);
INSERT INTO `user` VALUES ('bugAccount3', 'bugAccount3', '123456', -1, '', '0', 0, 0);
INSERT INTO `user` VALUES ('bugAccount4', 'bugAccount4', '123456', -1, '', '0', 0, 0);
INSERT INTO `user` VALUES ('bugAccount5', 'bugAccount5', '123456', -1, '', '0', 0, 0);
INSERT INTO `user` VALUES ('fanzhihao', 'fanzhihao', '123456', 0, '', '0', 0, 0);
INSERT INTO `user` VALUES ('jimoduncesuo', 'jimoduncesuo', '123456798jjj', 1, 'f', '312', 2, 0);
INSERT INTO `user` VALUES ('kob1111e11000001', 'kob1111e11000001', '123456', 1, 'ds', '123', 1, 0);
INSERT INTO `user` VALUES ('kobe', 'kobe', '123456', 1, 'd', '124', 2, 0);
INSERT INTO `user` VALUES ('kobe1', 'kobe1', '123456', 1, 'sdfsfs', '43142', 2, 0);
INSERT INTO `user` VALUES ('kobe12', 'kobe12', '123456', 1, 'sd', '123', 2, 0);
INSERT INTO `user` VALUES ('kobe19961231', 'kobe1996', 'chenhan123', 1, 'asda', '13110538978', 1, 1);
INSERT INTO `user` VALUES ('kobe22222', 'kobe22222', '123456', -1, '', '0', 0, 0);
INSERT INTO `user` VALUES ('kobe961231', 'kobe961231', '123456', 1, 'dsf', '123', 1, 0);
INSERT INTO `user` VALUES ('lijingyu', 'lijingyu', '123456', -1, '', '0', 0, 0);
INSERT INTO `user` VALUES ('lijingyu123', 'lijingyu123', '123456', -1, '', '0', 0, 0);
INSERT INTO `user` VALUES ('lover563', 'lover563', '123456', -1, '', '0', 0, 0);
INSERT INTO `user` VALUES ('myAccount', 'myAccount', 'chenhan123', 1, 'dsfs', '123', 1, 0);
INSERT INTO `user` VALUES ('YUYU', 'YUYU', 'JHJHJHJH', 1, '1', '123', 1, 0);
INSERT INTO `user` VALUES ('zhuangbiwang', 'zhuangbiwang', '123456', 0, '', '0', 0, 0);

SET FOREIGN_KEY_CHECKS = 1;
